district,candidate_name,spent,won,lost,incumbent,challenger,open_seat
TN03,Chuck Fleischmann,$593795,1,0,1,0,0
CO04,Ken Buck,$651118,1,0,1,0,0
NC12,Alma Adams,$522111,1,0,1,0,0
AL01,Bradley Byrne,$831634,1,0,1,0,0
CA15,Eric Swalwell,$2415243,1,0,1,0,0
CA08,Paul Cook,$1391209,1,0,1,0,0
WA04,Dan Newhouse,$1053583,1,0,1,0,0
CT04,Jim Himes,$1683479,1,0,1,0,0
NY08,Hakeem Jeffries,$1482792,1,0,1,0,0
NE03,Adrian Smith,$1608377,1,0,1,0,0
MD07,Elijah E Cummings,$1136747,1,0,1,0,0
OR01,Suzanne Bonamici,$746671,1,0,1,0,0
NC06,Mark Walker,$803173,1,0,1,0,0
MI02,Bill Huizenga,$2166958,1,0,1,0,0
MS02,Bennie G Thompson,$1027471,1,0,1,0,0
OR04,Peter DeFazio,$1378880,1,0,1,0,0
MD04,Anthony Brown,$498047,1,0,1,0,0
NV02,Mark Amodei,$1059626,1,0,1,0,0
AR01,Rick Crawford,$965616,1,0,1,0,0
TX19,Jodey Arrington,$1084812,1,0,1,0,0
MI04,John Moolenaar,$1087762,1,0,1,0,0
NJ05,Josh Gottheimer,$2766992,1,0,1,0,0
NC13,Ted Budd,$2250414,1,0,1,0,0
OH09,Marcy Kaptur,$677411,1,0,1,0,0
MI12,Debbie Dingell,$1246412,1,0,1,0,0
TX23,Will Hurd,$5158925,1,0,1,0,0
OK03,Frank D Lucas,$1033153,1,0,1,0,0
IN05,Susan Brooks,$1909690,1,0,1,0,0
CT03,Rosa L DeLauro,$1296698,1,0,1,0,0
TX22,Pete Olson,$1921992,1,0,1,0,0
TX08,Kevin Brady,$5958864,1,0,1,0,0
TX27,Michael Cloud,$682749,1,0,1,0,0
CA47,Alan Lowenthal,$619321,1,0,1,0,0
CA23,Kevin McCarthy,$8217155,1,0,1,0,0
AZ01,Tom O'Halleran,$2714330,1,0,1,0,0
PA12,Tom Marino,$893923,1,0,1,0,0
AL07,Terri A Sewell,$1176115,1,0,1,0,0
PA15,Glenn Thompson,$1440775,1,0,1,0,0
FL14,Kathy Castor,$658645,1,0,1,0,0
HI02,Tulsi Gabbard,$1423628,1,0,1,0,0
MA09,Bill Keating,$568732,1,0,1,0,0
TX24,Kenny Marchant,$1098375,1,0,1,0,0
AR04,Bruce Westerman,$1283479,1,0,1,0,0
CO05,Douglas L Lamborn,$779699,1,0,1,0,0
TX14,Randy Weber,$685916,1,0,1,0,0
MI01,John Bergman,$1431527,1,0,1,0,0
MN04,Betty McCollum,$949723,1,0,1,0,0
TN05,Jim Cooper,$729276,1,0,1,0,0
WA06,Derek Kilmer,$1359358,1,0,1,0,0
OH14,David P Joyce,$2684203,1,0,1,0,0
FL02,Neal Dunn,$961089,1,0,1,0,0
MA08,Stephen F Lynch,$501489,1,0,1,0,0
IL02,Robin Kelly,$912921,1,0,1,0,0
GA10,Jody Hice,$612306,1,0,1,0,0
WA07,Pramila Jayapal,$1541416,1,0,1,0,0
FL12,Gus Bilirakis,$2093124,1,0,1,0,0
FL13,Charlie Crist,$1531229,1,0,1,0,0
TN04,Scott Desjarlais,$271467,1,0,1,0,0
NJ04,Chris Smith,$1546875,1,0,1,0,0
IL10,Brad Schneider,$3218377,1,0,1,0,0
CA35,Norma Torres,$626500,1,0,1,0,0
CA05,Mike Thompson,$2079640,1,0,1,0,0
CT02,Joe Courtney,$1018475,1,0,1,0,0
CA51,Juan Vargas,$887074,1,0,1,0,0
CA18,Anna Eshoo,$1340343,1,0,1,0,0
MO06,Sam Graves,$1598729,1,0,1,0,0
PA18,Mike Doyle,$852376,1,0,1,0,0
FL01,Matt Gaetz,$1195040,1,0,1,0,0
OH03,Joyce Beatty,$765403,1,0,1,0,0
WI06,Glenn S Grothman,$1806314,1,0,1,0,0
NH02,Ann Kuster,$3330178,1,0,1,0,0
AZ05,Andy Biggs,$374465,1,0,1,0,0
MA06,Seth Moulton,$2645264,1,0,1,0,0
CA20,Jimmy Panetta,$716121,1,0,1,0,0
NC02,George Holding,$2842764,1,0,1,0,0
WY01,Liz Cheney,$715470,1,0,1,0,0
NY26,Brian M Higgins,$903447,1,0,1,0,0
CA50,Duncan D Hunter,$1808791,1,0,1,0,0
TX20,Joaquin Castro,$935617,1,0,1,0,0
WI08,Mike Gallagher,$2070724,1,0,1,0,0
FL16,Vernon Buchanan,$4293847,1,0,1,0,0
NJ01,Don Norcross,$1484415,1,0,1,0,0
CA41,Mark Takano,$1091567,1,0,1,0,0
VT01,Peter Welch,$665661,1,0,1,0,0
AZ06,David Schweikert,$1618275,1,0,1,0,0
CA12,Nancy Pelosi,$5353320,1,0,1,0,0
MO08,Jason Smith,$1363792,1,0,1,0,0
TX26,Michael Burgess,$1733609,1,0,1,0,0
OH04,Jim Jordan,$1830319,1,0,1,0,0
TN01,Phil Roe,$604970,1,0,1,0,0
NC04,David Price,$967652,1,0,1,0,0
CA11,Mark Desaulnier,$486919,1,0,1,0,0
WA03,Jaime Herrera Beutler,$2986159,1,0,1,0,0
CA28,Adam Schiff,$3641838,1,0,1,0,0
OR03,Earl Blumenauer,$1608098,1,0,1,0,0
GA01,Buddy Carter,$1181228,1,0,1,0,0
CA44,Nanette Barragan,$963494,1,0,1,0,0
IL13,Rodney Davis,$4001341,1,0,1,0,0
NY04,Kathleen Rice,$1584864,1,0,1,0,0
CA17,Ro Khanna,$1898604,1,0,1,0,0
WI05,F James Sensenbrenner Jr.,$481767,1,0,1,0,0
OH15,Steve Stivers,$4993368,1,0,1,0,0
NY20,Paul Tonko,$1241548,1,0,1,0,0
MI05,Dan Kildee,$1043802,1,0,1,0,0
CA26,Julia Brownley,$1750603,1,0,1,0,0
NY09,Yvette D Clarke,$1101421,1,0,1,0,0
KY06,Andy Barr,$5580477,1,0,1,0,0
DE01,Lisa Blunt Rochester,$1193959,1,0,1,0,0
FL09,Darren Soto,$1525686,1,0,1,0,0
WV02,Alex Mooney,$1201083,1,0,1,0,0
ME01,Chellie Pingree,$1081633,1,0,1,0,0
GA14,Tom Graves,$984525,1,0,1,0,0
KY04,Thomas Massie,$392587,1,0,1,0,0
NY16,Eliot L Engel,$2051947,1,0,1,0,0
GA11,Barry Loudermilk,$660532,1,0,1,0,0
VA08,Don Beyer,$1823896,1,0,1,0,0
IL05,Mike Quigley,$1244036,1,0,1,0,0
WA10,Dennis Heck,$1193807,1,0,1,0,0
MD08,Jamie Raskin,$850669,1,0,1,0,0
GA05,John Lewis,$1893873,1,0,1,0,0
TX15,Vicente Gonzalez,$410131,1,0,1,0,0
RI02,Jim Langevin,$744278,1,0,1,0,0
WA05,Cathy McMorris Rodgers,$5633922,1,0,1,0,0
IL01,Bobby L Rush,$320467,1,0,1,0,0
CA31,Pete Aguilar,$2419009,1,0,1,0,0
TN08,David Kustoff,$1727962,1,0,1,0,0
GA07,Rob Woodall,$1513535,1,0,1,0,0
CA04,Tom McClintock,$1783774,1,0,1,0,0
CA24,Salud Carbajal,$2049907,1,0,1,0,0
TX34,Filemon Vela,$696758,1,0,1,0,0
LA05,Ralph Abraham,$961554,1,0,1,0,0
TX25,Roger Williams,$1634271,1,0,1,0,0
FL19,Francis Rooney,$922450,1,0,1,0,0
SC07,Tom Rice,$1128072,1,0,1,0,0
FL25,Mario Diaz-Balart,$2604948,1,0,1,0,0
FL18,Brian Mast,$6018840,1,0,1,0,0
IA02,David Loebsack,$2362382,1,0,1,0,0
AZ07,Ruben Gallego,$950935,1,0,1,0,0
MA04,Joe Kennedy III,$2993465,1,0,1,0,0
PA10,Scott Perry,$1629969,1,0,1,0,0
FL23,Debbie Wasserman Schultz,$1939380,1,0,1,0,0
IL03,Daniel Lipinski,$2395214,1,0,1,0,0
TX18,Sheila Jackson Lee,$763812,1,0,1,0,0
FL08,Bill Posey,$1084251,1,0,1,0,0
OH01,Steve Chabot,$3026091,1,0,1,0,0
OR02,Greg Walden,$4876725,1,0,1,0,0
FL11,Daniel Webster,$524027,1,0,1,0,0
AZ03,Raul M Grijalva,$717810,1,0,1,0,0
WI03,Ron Kind,$2241595,1,0,1,0,0
OR05,Kurt Schrader,$844172,1,0,1,0,0
IL16,Adam Kinzinger,$2293170,1,0,1,0,0
CA37,Karen Bass,$815603,1,0,1,0,0
GA12,Richard W Allen,$1147197,1,0,1,0,0
PA16,Mike Kelly,$3269743,1,0,1,0,0
AR02,French Hill,$3536453,1,0,1,0,0
CA30,Brad Sherman,$543799,1,0,1,0,0
IN03,Jim Banks,$1114793,1,0,1,0,0
LA06,Garret Graves,$1804872,1,0,1,0,0
OH02,Brad Wenstrup,$1596661,1,0,1,0,0
NY10,Jerrold Nadler,$1538740,1,0,1,0,0
MD03,John Sarbanes,$695220,1,0,1,0,0
SC02,Joe Wilson,$1732882,1,0,1,0,0
CA34,Jimmy Gomez,$1485466,1,0,1,0,0
MO02,Ann L Wagner,$4186824,1,0,1,0,0
TX10,Michael McCaul,$1754121,1,0,1,0,0
MO05,Emanuel Cleaver,$1150893,1,0,1,0,0
NY21,Elise Stefanik,$2989478,1,0,1,0,0
KY05,Hal Rogers,$957966,1,0,1,0,0
OK02,Markwayne Mullin,$1697158,1,0,1,0,0
CA14,Jackie Speier,$714084,1,0,1,0,0
WI04,Gwen Moore,$1059522,1,0,1,0,0
FL22,Ted Deutch,$1246746,1,0,1,0,0
IL11,Bill Foster,$1690451,1,0,1,0,0
CA43,Maxine Waters,$1385227,1,0,1,0,0
CA19,Zoe Lofgren,$1824577,1,0,1,0,0
GA04,Hank Johnson,$506816,1,0,1,0,0
OH10,Michael R Turner,$1459281,1,0,1,0,0
VA03,Bobby Scott,$606106,1,0,1,0,0
NJ09,Bill Pascrell Jr.,$1399386,1,0,1,0,0
WI02,Mark Pocan,$923814,1,0,1,0,0
NY24,John Katko,$2998195,1,0,1,0,0
FL03,Ted Yoho,$780863,1,0,1,0,0
SC06,James E Clyburn,$2001447,1,0,1,0,0
UT01,Rob Bishop,$1026124,1,0,1,0,0
NY12,Carolyn B Maloney,$2404708,1,0,1,0,0
TX33,Marc Veasey,$1405039,1,0,1,0,0
SC03,Jeff Duncan,$713716,1,0,1,0,0
NC10,Patrick McHenry,$3861980,1,0,1,0,0
TX31,John Carter,$1943447,1,0,1,0,0
IL09,Jan Schakowsky,$1472770,1,0,1,0,0
PA01,Brian Fitzpatrick,$3412246,1,0,1,0,0
MI10,Paul Mitchell,$698358,1,0,1,0,0
CA33,Ted Lieu,$960659,1,0,1,0,0
AL04,Robert B Aderholt,$1296476,1,0,1,0,0
KS04,Ron Estes,$1561071,1,0,1,0,0
MD02,Dutch Ruppersberger,$967365,1,0,1,0,0
CA32,Grace Napolitano,$247891,1,0,1,0,0
IL07,Danny K Davis,$553020,1,0,1,0,0
VA01,Rob Wittman,$2088749,1,0,1,0,0
NJ06,Frank Pallone Jr.,$1714473,1,0,1,0,0
CA22,Devin Nunes,$11556367,1,0,1,0,0
FL24,Frederica Wilson,$338156,1,0,1,0,0
NY17,Nita M Lowey,$1341159,1,0,1,0,0
MS04,Steven Palazzo,$766259,1,0,1,0,0
OH06,Bill Johnson,$1717842,1,0,1,0,0
TX13,Mac Thornberry,$1419041,1,0,1,0,0
NY02,Pete King,$3175639,1,0,1,0,0
MD05,Steny H Hoyer,$4172807,1,0,1,0,0
IL08,Raja Krishnamoorthi,$1890243,1,0,1,0,0
MI07,Tim Walberg,$2263665,1,0,1,0,0
KS01,Roger Marshall,$630635,1,0,1,0,0
VA04,Donald McEachin,$925773,1,0,1,0,0
CA16,Jim Costa,$2338228,1,0,1,0,0
CA01,Doug LaMalfa,$1089951,1,0,1,0,0
MO07,Billy Long,$1243021,1,0,1,0,0
LA02,Cedric Richmond,$1440123,1,0,1,0,0
GA02,Sanford Bishop,$1224477,1,0,1,0,0
MS01,Trent Kelly,$894256,1,0,1,0,0
IA04,Steven A. King,$973687,1,0,1,0,0
NC11,Mark R Meadows,$1310318,1,0,1,0,0
MD01,Andy Harris,$1889209,1,0,1,0,0
IN09,Trey Hollingsworth,$1464567,1,0,1,0,0
TX01,Louis B Gohmert Jr.,$776637,1,0,1,0,0
CA29,Tony Cardenas,$1457973,1,0,1,0,0
FL05,Al Lawson,$576823,1,0,1,0,0
LA01,Steve Scalise,$11808004,1,0,1,0,0
AZ04,Paul Gosar,$566397,1,0,1,0,0
CA52,Scott Peters,$1933049,1,0,1,0,0
CA40,Lucille Roybal-Allard,$565607,1,0,1,0,0
NE02,Don Bacon,$2570644,1,0,1,0,0
CA07,Ami Bera,$1727819,1,0,1,0,0
MN07,Collin Peterson,$1494740,1,0,1,0,0
CA36,Raul Ruiz,$2468444,1,0,1,0,0
NC03,Walter B Jones Jr.,$568142,1,0,1,0,0
NY01,Lee Zeldin,$4795666,1,0,1,0,0
VA09,Morgan Griffith,$1242257,1,0,1,0,0
IN02,Jackie Walorski,$2827883,1,0,1,0,0
AR03,Steve Womack,$1210043,1,0,1,0,0
NC07,David Rouzer,$1391206,1,0,1,0,0
TX28,Henry Cuellar,$1189200,1,0,1,0,0
IL12,Mike Bost,$2858336,1,0,1,0,0
IN08,Larry Bucshon,$1046063,1,0,1,0,0
NJ10,Donald M Payne Jr.,$568615,1,0,1,0,0
TN09,Steve Cohen,$404320,1,0,1,0,0
IL18,Darin LaHood,$1213251,1,0,1,0,0
UT03,John Curtis,$1379063,1,0,1,0,0
MA02,James P McGovern,$1296763,1,0,1,0,0
UT02,Chris Stewart,$922564,1,0,1,0,0
CA02,Jared Huffman,$708198,1,0,1,0,0
SC05,Ralph Norman,$1999306,1,0,1,0,0
CA06,Doris O Matsui,$1118518,1,0,1,0,0
AL02,Martha Roby,$2263208,1,0,1,0,0
GA03,Drew Ferguson,$1176204,1,0,1,0,0
TX09,Al Green,$528884,1,0,1,0,0
NY06,Grace Meng,$1420755,1,0,1,0,0
FL04,John Rutherford,$441573,1,0,1,0,0
IL17,Cheri Bustos,$3132802,1,0,1,0,0
OK04,Tom Cole,$1986734,1,0,1,0,0
NY07,Nydia M Velazquez,$886659,1,0,1,0,0
CO07,Ed Perlmutter,$1340325,1,0,1,0,0
CA27,Judy Chu,$931058,1,0,1,0,0
NY15,Jose E Serrano,$237215,1,0,1,0,0
OH11,Marcia L Fudge,$608142,1,0,1,0,0
WV01,David McKinley,$1337789,1,0,1,0,0
PA11,Lloyd Smucker,$1567692,1,0,1,0,0
AL03,Mike D Rogers,$1347846,1,0,1,0,0
TX36,Brian Babin,$975802,1,0,1,0,0
CA09,Jerry McNerney,$1261735,1,0,1,0,0
FL21,Lois J Frankel,$822122,1,0,1,0,0
MO03,Blaine Luetkemeyer,$1922331,1,0,1,0,0
VA11,Gerry Connolly,$1657085,1,0,1,0,0
WA01,Suzan DelBene,$1552293,1,0,1,0,0
GA08,Austin Scott,$672489,1,0,1,0,0
ID02,Mike Simpson,$993766,1,0,1,0,0
NY05,Gregory W Meeks,$1000125,1,0,1,0,0
GA09,Doug Collins,$751426,1,0,1,0,0
MI03,Justin Amash,$764397,1,0,1,0,0
MN06,Tom Emmer,$2159205,1,0,1,0,0
NJ12,Bonnie Coleman,$828691,1,0,1,0,0
OH08,Warren Davidson,$544835,1,0,1,0,0
NV01,Dina Titus,$780902,1,0,1,0,0
CA53,Susan A Davis,$465023,1,0,1,0,0
PA03,Dwight Evans,$1129734,1,0,1,0,0
IN01,Pete Visclosky,$1045071,1,0,1,0,0
PA08,Matt Cartwright,$2527688,1,0,1,0,0
NY13,Adriano Espaillat,$586054,1,0,1,0,0
KY02,Brett Guthrie,$1737262,1,0,1,0,0
NJ08,Albio Sires,$591046,1,0,1,0,0
LA04,Mike Johnson,$878399,1,0,1,0,0
CA46,Lou Correa,$548518,1,0,1,0,0
TX17,Bill Flores,$1301040,1,0,1,0,0
CA03,John Garamendi,$826736,1,0,1,0,0
NY03,Tom Suozzi,$1435766,1,0,1,0,0
OH12,Troy Balderson,$2512715,1,0,1,0,0
NC08,Richard Hudson,$2086060,1,0,1,0,0
TX35,Lloyd Doggett,$507613,1,0,1,0,0
CA13,Barbara Lee,$1745801,1,0,1,0,0
WA02,Rick Larsen,$1018796,1,0,1,0,0
FL20,Alcee L Hastings,$826621,1,0,1,0,0
CO03,Scott Tipton,$1656976,1,0,1,0,0
FL07,Stephanie Murphy,$3117029,1,0,1,0,0
IL15,John M Shimkus,$1801556,1,0,1,0,0
CA42,Ken Calvert,$1611608,1,0,1,0,0
CA38,Linda Sanchez,$1388214,1,0,1,0,0
RI01,David Cicilline,$1608596,1,0,1,0,0
WI07,Sean P Duffy,$2803276,1,0,1,0,0
MA01,Richard E Neal,$3264276,1,0,1,0,0
NC01,G K Butterfield,$893438,1,0,1,0,0
IN07,Andre Carson,$964780,1,0,1,0,0
PA02,Brendan Boyle,$966473,1,0,1,0,0
NE01,Jeff Fortenberry,$645160,1,0,1,0,0
CO01,Diana DeGette,$1206198,1,0,1,0,0
NC05,Virginia Foxx,$2339078,1,0,1,0,0
AL06,Gary Palmer,$1473769,1,0,1,0,0
NM03,Ben Ray Lujan,$2340216,1,0,1,0,0
MI06,Fred Upton,$3553344,1,0,1,0,0
GA13,David Scott,$1080820,1,0,1,0,0
AZ08,Debbie Lesko,$2002589,1,0,1,0,0
MO04,Vicky Hartzler,$1330546,1,0,1,0,0
NY23,Tom Reed,$3521221,1,0,1,0,0
WA09,Adam Smith,$1621935,1,0,1,0,0
TX12,Kay Granger,$2084733,1,0,1,0,0
MT01,Greg Gianforte,$9544232,1,0,1,0,0
NY18,Sean Patrick Maloney,$4383786,1,0,1,0,0
TX11,Mike Conaway,$2481325,1,0,1,0,0
KY01,James Comer,$636409,1,0,1,0,0
AK01,Don Young,$1380290,1,0,1,0,0
NY27,Chris Collins,$1811513,1,0,1,0,0
AL05,Mo Brooks,$1988145,1,0,1,0,0
KY03,John A Yarmuth,$1166943,1,0,1,0,0
OH05,Robert E Latta,$1746525,1,0,1,0,0
MA05,Katherine Clark,$1156433,1,0,1,0,0
CT01,John B Larson,$1669104,1,0,1,0,0
FL10,Val Demings,$839180,1,0,1,0,0
MI14,Brenda Lawrence,$583570,1,0,1,0,0
MO01,William L Clay Jr.,$708871,1,0,1,0,0
OH07,Bob Gibbs,$1842763,1,0,1,0,0
OH13,Tim Ryan,$1646037,1,0,1,0,0
TX04,John Lee Ratcliffe,$517794,1,0,1,0,0
LA03,Clay Higgins,$878558,1,0,1,0,0
TX30,Eddie Bernice Johnson,$271717,1,0,1,0,0
AZ01,Wendy Rogers,$1391890,0,1,0,1,0
GA13,David Callahan,$17221,0,1,0,1,0
CA34,Kenneth Mejia,$120165,0,1,0,1,0
CA52,Omar Qudrat,$372062,0,1,0,1,0
CA26,Antonio Sabato Jr.,$347692,0,1,0,1,0
TX28,Arthur Thomas IV,$0,0,1,0,1,0
NC13,Kathy Manning,$4182467,0,1,0,1,0
WI07,Margaret Engebretson,$118724,0,1,0,1,0
SC07,Robert Williams,$26667,0,1,0,1,0
CA27,Bryan Witt,$10477,0,1,0,1,0
LA01,Tammy Savoie,$251043,0,1,0,1,0
CA19,Justin Aguilera,$20122,0,1,0,1,0
OH13,Chris Depizzo,$91710,0,1,0,1,0
TX22,Sri Kulkarni,$1539576,0,1,0,1,0
NJ10,Agha Khan,$0,0,1,0,1,0
NY21,Tedra Cobb,$1499736,0,1,0,1,0
OH15,Rick Neal,$1306569,0,1,0,1,0
OH09,Steven Kraus,$40950,0,1,0,1,0
CA29,Benny Bernal,$5776,0,1,0,1,0
IL01,Jimmy Lee Tillman,$0,0,1,0,1,0
IL16,Sara Dady,$394296,0,1,0,1,0
WV01,Kendra Fershee,$276430,0,1,0,1,0
MI10,Kimberly Bizon,$49295,0,1,0,1,0
MI14,Marc Herschfus,$0,0,1,0,1,0
NE03,Paul Theobald,$85035,0,1,0,1,0
NC10,David Wilson Brown,$129496,0,1,0,1,0
SC06,Gerhard Gressmann,$1666,0,1,0,1,0
MI03,Catherine Albro,$152790,0,1,0,1,0
KY02,Hank Linderman,$164079,0,1,0,1,0
NJ09,Eric Fisher,$0,0,1,0,1,0
PA12,Marc Friedenberg,$89883,0,1,0,1,0
IN03,Courtney Tritch,$849289,0,1,0,1,0
WA01,Jeffrey Beeler,$18808,0,1,0,1,0
NY27,Nate McMurray,$1252822,0,1,0,1,0
TX18,Ava Pate,$10287,0,1,0,1,0
HI02,Brian Evans,$0,0,1,0,1,0
TN01,Martin Olsen,$162748,0,1,0,1,0
TX19,Miguel Levario,$102272,0,1,0,1,0
CA38,Ryan Downing,$0,0,1,0,1,0
WI03,Steve Toft,$304813,0,1,0,1,0
CA22,Andrew Janz,$9064633,0,1,0,1,0
MO03,Katy Geppert,$29734,0,1,0,1,0
CA50,Ammar Campa-Najjar,$4002823,0,1,0,1,0
NY02,Liuba Grechen Shirley,$1948325,0,1,0,1,0
WV02,Talley Sergent,$673595,0,1,0,1,0
KS04,James Thompson,$1466834,0,1,0,1,0
FL19,David Holden,$556486,0,1,0,1,0
AZ05,Joan Greene,$199163,0,1,0,1,0
FL16,David Shapiro,$2478559,0,1,0,1,0
GA09,Josh McCall,$94068,0,1,0,1,0
CA15,Rudy Peters,$56514,0,1,0,1,0
FL21,Unopposed,$0,0,1,0,1,0
KY06,Amy McGrath,$8274396,0,1,0,1,0
MI04,Jerry Hilliard,$0,0,1,0,1,0
IL05,Tom Hanson,$0,0,1,0,1,0
AL07,Unopposed,$0,0,1,0,1,0
TX25,Julie Oliver,$644928,0,1,0,1,0
AR03,Josh Mahony,$265213,0,1,0,1,0
FL14,Unopposed,$0,0,1,0,1,0
IA02,Christopher Peters,$742852,0,1,0,1,0
NC12,Paul Wright,$0,0,1,0,1,0
OR04,Art Robinson,$167755,0,1,0,1,0
TX15,Tim Westley,$19168,0,1,0,1,0
CA23,Tatiana Matta,$106341,0,1,0,1,0
NY18,James O'Donnell,$267142,0,1,0,1,0
FL09,Wayne Liebnitzky,$61175,0,1,0,1,0
GA02,Herman West Jr.,$17109,0,1,0,1,0
MO07,Jamie Schoolcraft,$56973,0,1,0,1,0
GA08,Jimmy Cooper,$0,0,1,0,1,0
RI02,Salvatore Caiozzo,$3525,0,1,0,1,0
CA17,Ron Cohen,$3010,0,1,0,1,0
LA04,Ryan Trundle,$24181,0,1,0,1,0
NY17,Joe Ciardullo,$16917,0,1,0,1,0
OH11,Beverly A. Goldstein,$21855,0,1,0,1,0
MA04,Unopposed,$0,0,1,0,1,0
NY01,Perry Gershon,$5017206,0,1,0,1,0
CT02,Dan Postemski,$0,0,1,0,1,0
IL12,Brendan Kelly,$3885179,0,1,0,1,0
MO02,Cort Vanostran,$2337962,0,1,0,1,0
GA14,Steven Foster,$8086,0,1,0,1,0
AR01,Chintan Desai,$137153,0,1,0,1,0
CA33,Kenneth Wright,$159955,0,1,0,1,0
PA11,Jess King,$1865892,0,1,0,1,0
NJ01,Paul Dilks,$12985,0,1,0,1,0
MS04,Jeramey Anderson,$147728,0,1,0,1,0
CA03,Charles Schaupp,$26905,0,1,0,1,0
CA30,Mark Reed,$0,0,1,0,1,0
CA07,Andrew Grant,$545065,0,1,0,1,0
NC05,Denise Darcel Adams,$350322,0,1,0,1,0
GA01,Lisa Ring,$205896,0,1,0,1,0
CO07,Mark Barrington,$54956,0,1,0,1,0
MD03,Charles Anthony,$0,0,1,0,1,0
WA05,Lisa Brown,$5662929,0,1,0,1,0
MT01,Kathleen Williams,$3986510,0,1,0,1,0
TN05,Jody Ball,$0,0,1,0,1,0
MN07,Dave Hughes,$229417,0,1,0,1,0
OH08,Vanessa Enoch,$50278,0,1,0,1,0
MA06,Joseph Schneider,$257301,0,1,0,1,0
MA01,Unopposed,$0,0,1,0,1,0
MA05,John Hugo,$0,0,1,0,1,0
ME01,Mark Holbrook,$93694,0,1,0,1,0
NJ08,John Muniz,$5464,0,1,0,1,0
CA46,Russell Lambert,$0,0,1,0,1,0
CA09,Marla Livengood,$97112,0,1,0,1,0
SC05,Archie Parnell,$1992815,0,1,0,1,0
OH14,Betsy Rader,$2220459,0,1,0,1,0
TX26,Linsey Fagan,$106139,0,1,0,1,0
MD04,George McDermott,$0,0,1,0,1,0
MN04,Greg Ryan,$20910,0,1,0,1,0
OK02,Jason Nichols,$127519,0,1,0,1,0
FL24,Unopposed,$0,0,1,0,1,0
GA05,David McCaigue,$0,0,1,0,1,0
CA12,Lisa Remmer,$12442,0,1,0,1,0
NY26,Renee Zeno,$0,0,1,0,1,0
CA01,Audrey Denney,$1067211,0,1,0,1,0
NY08,Ernest Johnson,$0,0,1,0,1,0
AL04,Lee Auman,$77551,0,1,0,1,0
LA03,Mimi Methvin,$257768,0,1,0,1,0
WI06,Dan Kohl,$3405190,0,1,0,1,0
FL22,Nicolas Kimaz,$201654,0,1,0,1,0
TX36,Dayna Steele,$878740,0,1,0,1,0
NY23,Tracy Mitrano,$1756693,0,1,0,1,0
MA02,Tracy Lovvorn,$35419,0,1,0,1,0
NY20,Joe Vitollo,$0,0,1,0,1,0
GA04,Joe Profit,$82033,0,1,0,1,0
CA28,Johnny Nalbandian,$36332,0,1,0,1,0
CA04,Jessica Morse,$3666669,0,1,0,1,0
TN08,Erika Stotts Pearson,$7913,0,1,0,1,0
TX23,Gina Jones,$6078461,0,1,0,1,0
VT01,Anya Tynio,$10773,0,1,0,1,0
AR02,Clarke Tucker,$2347833,0,1,0,1,0
NY06,Thomas J Hillgardner,$0,0,1,0,1,0
LA06,Justin Dewitt,$30959,0,1,0,1,0
CA44,Unopposed,$0,0,1,0,1,0
UT01,Lee Castillo,$23654,0,1,0,1,0
FL02,Bob Rackleff,$257162,0,1,0,1,0
IL17,Bill Fawell,$30126,0,1,0,1,0
WA07,Craig Keller,$6780,0,1,0,1,0
NY24,Dana Balter,$2687232,0,1,0,1,0
CA51,Juan Hidalgo,$65579,0,1,0,1,0
IL10,Douglas Bennett,$291462,0,1,0,1,0
MO05,Jacob Turk,$74516,0,1,0,1,0
IL09,John Elleson,$74071,0,1,0,1,0
PA08,John Chrin,$2276321,0,1,0,1,0
MI12,Jeff Jones,$22556,0,1,0,1,0
VA08,Thomas Oh,$67453,0,1,0,1,0
CO01,"",$34880,0,1,0,1,0
KS01,Alan LaPolice,$209915,0,1,0,1,0
OR03,Tom Harrison,$304,0,1,0,1,0
TX09,Phil Kurtz,$0,0,1,0,1,0
AZ06,Anita Malik,$391715,0,1,0,1,0
IN07,Wayne E Harmon,$346,0,1,0,1,0
CA14,Cristina Osmena,$0,0,1,0,1,0
AK01,Alyse Galvin,$1931150,0,1,0,1,0
TX04,Catherine Krantz,$30784,0,1,0,1,0
IL11,Dominick Stella,$271262,0,1,0,1,0
FL10,Unopposed,$0,0,1,0,1,0
TX10,Mike Siegel,$477925,0,1,0,1,0
TX24,Jan McDowell,$95469,0,1,0,1,0
OK03,Frankie Robbins,$0,0,1,0,1,0
NY04,Unopposed,$0,0,1,0,1,0
NC03,Unopposed,$0,0,1,0,1,0
CT03,Angel Cadena,$0,0,1,0,1,0
NY13,Jineea Butler,$5826,0,1,0,1,0
NH02,Steve Negron,$430744,0,1,0,1,0
NE02,Kara Eastman,$2539506,0,1,0,1,0
AZ04,David Brill,$509386,0,1,0,1,0
WA03,Carolyn Long,$3826931,0,1,0,1,0
OH12,Danny O'Connor,$8241163,0,1,0,1,0
KY03,Vickie Glisson,$711432,0,1,0,1,0
NC08,Frank McNeill,$648020,0,1,0,1,0
FL03,Yvonne Hayes Hinson,$62700,0,1,0,1,0
IL02,David Merkle,$0,0,1,0,1,0
GA07,Carolyn Bourdeaux,$2765539,0,1,0,1,0
UT02,Shireen Ghorbani,$442438,0,1,0,1,0
NC06,Ryan Watts,$311691,0,1,0,1,0
NY05,Unopposed,$0,0,1,0,1,0
FL08,Sanjay Patel,$336765,0,1,0,1,0
TX12,Vanessa Adia,$196087,0,1,0,1,0
NC01,Roger Allison,$29759,0,1,0,1,0
IN08,William Tanoos,$229396,0,1,0,1,0
VA09,Anthony Flaccavento,$1059688,0,1,0,1,0
CA42,Julia Peacock,$149565,0,1,0,1,0
GA03,Chuck Enderlin,$55647,0,1,0,1,0
IL07,Craig Cameron,$0,0,1,0,1,0
PA01,Scott Wallace,$13535808,0,1,0,1,0
IL08,Jitendra Diganvker,$51858,0,1,0,1,0
FL23,Joe Kaufman,$499608,0,1,0,1,0
CA40,Rodolfo Cortes Barragan,$18447,0,1,0,1,0
CO03,Diane Mitsch Bush,$1882896,0,1,0,1,0
NE01,Jessica McClure,$76893,0,1,0,1,0
FL05,Virginia Fuller,$40412,0,1,0,1,0
NY10,Naomi Levin,$79045,0,1,0,1,0
CA43,Omar Navarro,$1024730,0,1,0,1,0
OH02,Jill Schiller,$585050,0,1,0,1,0
TX31,MJ Hegar,$4998676,0,1,0,1,0
MI01,Matt Morgan,$1341465,0,1,0,1,0
TX33,Willie Billups,$48781,0,1,0,1,0
OH10,Theresa Gasper,$1190600,0,1,0,1,0
WA09,Sarah Smith,$112182,0,1,0,1,0
IN09,Liz Watson,$2476247,0,1,0,1,0
MI06,Matt Longjohn,$1443957,0,1,0,1,0
MO01,Robert Vroman,$0,0,1,0,1,0
WY01,Greg Hunter,$47069,0,1,0,1,0
FL20,Jay Bonner,$5413,0,1,0,1,0
CA41,Aja Smith,$42327,0,1,0,1,0
AL05,Peter Joffrion,$572567,0,1,0,1,0
CT04,Harry Arora,$713073,0,1,0,1,0
OH03,James E Burgess,$0,0,1,0,1,0
CA37,Ron Bassilian,$10147,0,1,0,1,0
CA02,Dale Mensing,$3562,0,1,0,1,0
NM03,Steve McFall,$0,0,1,0,1,0
TN09,Charlotte Bergmann,$72217,0,1,0,1,0
CT01,Jennifer T. Nye,$0,0,1,0,1,0
IN02,Mel Hall,$4046132,0,1,0,1,0
NV01,Joyce Bentley,$0,0,1,0,1,0
WA04,Christine Brown,$464482,0,1,0,1,0
FL01,Jennifer Zimmerman,$65473,0,1,0,1,0
WI02,Unopposed,$0,0,1,0,1,0
KY04,Seth Hall,$38261,0,1,0,1,0
CA16,Elizabeth Heng,$1235784,0,1,0,1,0
WA02,Brian Luke,$0,0,1,0,1,0
MD02,Liz Matory,$37409,0,1,0,1,0
MA08,Unopposed,$0,0,1,0,1,0
TX20,Jeffrey Blunt,$0,0,1,0,1,0
OH01,Aftab Pureval,$4065462,0,1,0,1,0
TX08,Steven David,$30263,0,1,0,1,0
NY09,Lutchi Gayot,$3609,0,1,0,1,0
TN03,Danielle Mitchell,$283750,0,1,0,1,0
SC02,Sean Carrigan,$151208,0,1,0,1,0
PA15,Susan Boser,$145888,0,1,0,1,0
FL07,Mike Miller,$1087194,0,1,0,1,0
NJ12,Daryl Kipnis,$23508,0,1,0,1,0
TX17,Rick Kennedy,$83292,0,1,0,1,0
NC07,Kyle Horton,$867648,0,1,0,1,0
WA06,Douglas Dightman,$42423,0,1,0,1,0
NJ04,Josh Welle,$1841329,0,1,0,1,0
OH04,Janet Garrett,$699370,0,1,0,1,0
MO06,Henry Martin,$42895,0,1,0,1,0
UT03,James Singer,$33534,0,1,0,1,0
TX35,David Smalling,$45670,0,1,0,1,0
NY07,Joseph Lieberman,$0,0,1,0,1,0
CA11,John Fitzgerald,$0,0,1,0,1,0
OH06,Shawna Roberts,$27375,0,1,0,1,0
GA12,Francys Johnson,$276229,0,1,0,1,0
NY12,Eliot Rabin,$33357,0,1,0,1,0
MI07,Gretchen Driskell,$2661085,0,1,0,1,0
VA01,Vangie Williams,$316510,0,1,0,1,0
CA24,Justin Fareed,$1490084,0,1,0,1,0
NC02,Linda Coleman,$1603052,0,1,0,1,0
MO04,Renee Hoagenson,$453280,0,1,0,1,0
WI08,Beau Liegeois,$342249,0,1,0,1,0
NY15,Jason D. Gonzalez,$0,0,1,0,1,0
WI05,Tom Palzewicz,$245310,0,1,0,1,0
PA18,Kimberly Mack,$0,0,1,0,1,0
MS02,Troy Ray,$0,0,1,0,1,0
PA02,David Torres,$0,0,1,0,1,0
DE01,Scott Walker,$0,0,1,0,1,0
OR02,Jamie McLeod-Skinner,$1309787,0,1,0,1,0
TX27,Eric Holguin,$198801,0,1,0,1,0
IL18,Junius Rodriguez,$73405,0,1,0,1,0
PA03,Bryan Leib,$11021,0,1,0,1,0
CA05,Anthony Mills,$0,0,1,0,1,0
CO04,Karen McCormick,$891689,0,1,0,1,0
TX14,Adrienne Bell,$204130,0,1,0,1,0
WI04,Tim Rogers,$0,0,1,0,1,0
AZ03,Nick Pierson,$71240,0,1,0,1,0
NJ06,Rich Pezzullo,$40040,0,1,0,1,0
ID02,Aaron Swisher,$121141,0,1,0,1,0
MS01,Randy Wadkins,$155880,0,1,0,1,0
MA09,Peter Tedeschi,$853009,0,1,0,1,0
MI02,Rob Davidson,$1248766,0,1,0,1,0
FL11,Dana Cottrell,$87364,0,1,0,1,0
IA04,J.D. Scholten,$3179892,0,1,0,1,0
RI01,Patrick Donovan,$0,0,1,0,1,0
CA08,Tim Donnelly,$271631,0,1,0,1,0
KY01,Paul Walker,$50083,0,1,0,1,0
FL25,Mary Barzee Flores,$2170176,0,1,0,1,0
MD05,Bill Devine,$0,0,1,0,1,0
TX34,Rey Gonzalez,$95121,0,1,0,1,0
AL01,Robert Kennedy Jr.,$46845,0,1,0,1,0
AL03,Mallory Hagan,$433331,0,1,0,1,0
MD01,Jesse Colvin,$1805297,0,1,0,1,0
IL13,Betsy Dirksen Londrigan,$4215542,0,1,0,1,0
AL06,Danner Kline,$287397,0,1,0,1,0
AR04,Hayden Shamel,$149870,0,1,0,1,0
TX30,Shawn Jones,$0,0,1,0,1,0
NC04,Steve Loor,$0,0,1,0,1,0
CA31,Sean Flynn,$1213452,0,1,0,1,0
VA04,Ryan McAdams,$235925,0,1,0,1,0
MN06,Ian Todd,$81577,0,1,0,1,0
OR05,Mark Callahan,$35313,0,1,0,1,0
LA02,Jesse Schmidt,$8480,0,1,0,1,0
MD08,John Walsh,$0,0,1,0,1,0
FL12,Chris Hunter,$755053,0,1,0,1,0
OK04,Mary Brannon,$7684,0,1,0,1,0
PA10,George Scott,$2176059,0,1,0,1,0
VA11,Jeff Dove,$620021,0,1,0,1,0
IL03,Art Jones,$0,0,1,0,1,0
AL02,Tabitha Isner,$519145,0,1,0,1,0
FL18,Lauren Baer,$4595154,0,1,0,1,0
TX01,Shirley McKellar,$47552,0,1,0,1,0
IN01,Mark Leyva,$0,0,1,0,1,0
OR01,John Verbeek,$0,0,1,0,1,0
IN05,Deirdre Thornton,$170212,0,1,0,1,0
LA05,Jessee Carlton Fleenor,$21056,0,1,0,1,0
CA06,Jrmar Jefferson,$0,0,1,0,1,0
MO08,Kathryn Ellis,$184639,0,1,0,1,0
TX11,Jennie Lou Leeder,$85051,0,1,0,1,0
NV02,Clint Koble,$153006,0,1,0,1,0
OH07,Ken Harbaugh,$3006632,0,1,0,1,0
FL04,Ges Selmont,$110602,0,1,0,1,0
NY16,Unopposed,$0,0,1,0,1,0
CA13,Laura Wells,$7195,0,1,0,1,0
VA03,Unopposed,$0,0,1,0,1,0
CA18,Christine Russell,$0,0,1,0,1,0
PA16,Ron DiNicola,$1685851,0,1,0,1,0
FL13,George Buck,$40819,0,1,0,1,0
CA32,Joshua Scott,$5445,0,1,0,1,0
TX13,Greg Sagan,$45886,0,1,0,1,0
NC11,Phillip Price,$232176,0,1,0,1,0
AZ07,Gary D Swing,$0,0,1,0,1,0
SC03,Mary Geren,$308127,0,1,0,1,0
GA10,Tabitha Johnson-Green,$23516,0,1,0,1,0
NJ05,John McCann,$934844,0,1,0,1,0
WA10,Joseph Brumbles,$4567,0,1,0,1,0
CA47,John Briscoe,$48137,0,1,0,1,0
CA53,Morgan Murtaugh,$94570,0,1,0,1,0
CA35,Christian Valiente,$5119,0,1,0,1,0
MI05,Travis Wines,$0,0,1,0,1,0
CO05,Stephany Rose Spaulding,$326518,0,1,0,1,0
GA11,Flynn Broady Jr.,$45332,0,1,0,1,0
CA20,Ronald P Kabat,$0,0,1,0,1,0
CA36,Kimberlin Brown Pelzer,$842270,0,1,0,1,0
IL15,Kevin Gaither,$53029,0,1,0,1,0
TN04,Mariah Phillips,$561654,0,1,0,1,0
OH05,John Michael Galbraith,$211954,0,1,0,1,0
KY05,Ken Stepp,$2190,0,1,0,1,0
NY03,Dan Debono,$453209,0,1,0,1,0
MD07,Richmond Davis,$16039,0,1,0,1,0
AZ08,Hiral Tipirneni,$4375414,0,1,0,1,0
NJ03,Andy Kim,$6275956,1,0,0,1,0
NY19,Antonio Delgado,$9065063,1,0,0,1,0
CO06,Jason Crow,$5640619,1,0,0,1,0
KS03,Sharice Davids,$4822339,1,0,0,1,0
VA10,Jennifer Wexton,$6054316,1,0,0,1,0
NY22,Anthony Brindisi,$4608022,1,0,0,1,0
IA03,Cindy Axne,$5180345,1,0,0,1,0
CA45,Katie Porter,$6815008,1,0,0,1,0
VA07,Abigail Spanberger,$7200170,1,0,0,1,0
IL14,Lauren A Underwood,$4746086,1,0,0,1,0
NJ07,Tom Malinowski,$6194116,1,0,0,1,0
FL26,Debbie Mucarsel-Powell,$4575951,1,0,0,1,0
TX32,Colin Allred,$5750512,1,0,0,1,0
CA48,Harley Rouda,$7636293,1,0,0,1,0
ME02,Jared Golden,$5585985,1,0,0,1,0
VA02,Elaine Luria,$4233796,1,0,0,1,0
MN02,Angie Craig,$5237899,1,0,0,1,0
OK05,Kendra Horn,$1184293,1,0,0,1,0
MN03,Dean Phillips,$6223759,1,0,0,1,0
IL06,Sean Casten,$6128402,1,0,0,1,0
GA06,Lucy McBath,$2454836,1,0,0,1,0
CA21,TJ Cox,$2872974,1,0,0,1,0
MI08,Elissa Slotkin,$7401140,1,0,0,1,0
CA25,Katie Hill,$8342520,1,0,0,1,0
IA01,Abby Finkenauer,$4563111,1,0,0,1,0
TX07,Lizzie Fletcher,$6136839,1,0,0,1,0
UT04,Ben McAdams,$3297517,1,0,0,1,0
NY11,Max Rose,$4395518,1,0,0,1,0
CA10,Josh Harder,$8358405,1,0,0,1,0
OK05,Steven Russell,$885830,0,1,1,0,0
MN02,Jason Lewis,$2918684,0,1,1,0,0
IA03,David Young,$2830997,0,1,1,0,0
CA45,Mimi Walters,$5244605,0,1,1,0,0
FL26,Carlos Curbelo,$5044040,0,1,1,0,0
CA25,Steve Knight,$2582817,0,1,1,0,0
VA02,Scott W Taylor,$4058642,0,1,1,0,0
NY22,Claudia Tenney,$3234732,0,1,1,0,0
CO06,Mike Coffman,$3768928,0,1,1,0,0
CA21,David Valadao,$3249706,0,1,1,0,0
IA01,Rod Blum,$2271645,0,1,1,0,0
ME02,Bruce Poliquin,$3965540,0,1,1,0,0
GA06,Karen Handel,$8598091,0,1,1,0,0
MN03,Erik Paulsen,$5862136,0,1,1,0,0
KS03,Kevin Yoder,$4888479,0,1,1,0,0
VA10,Barbara Comstock,$6406202,0,1,1,0,0
IL14,Randy Hultgren,$2379958,0,1,1,0,0
NY19,John Faso,$3877393,0,1,1,0,0
CA10,Jeff Denham,$4887576,0,1,1,0,0
NJ07,Leonard Lance,$2634847,0,1,1,0,0
UT04,Mia Love,$5878143,0,1,1,0,0
NY11,Dan Donovan,$2661359,0,1,1,0,0
MI08,Mike Bishop,$3374607,0,1,1,0,0
TX32,Pete Sessions,$5180096,0,1,1,0,0
IL06,Peter Roskam,$7061456,0,1,1,0,0
VA07,Dave Brat,$3302552,0,1,1,0,0
NJ03,Thomas MacArthur,$4704872,0,1,1,0,0
CA48,Dana Rohrabacher,$2939450,0,1,1,0,0
TX07,John Culberson,$3499213,0,1,1,0,0
MN05,Ilhan Omar,$1018983,1,0,0,0,1
NH01,Chris Pappas,$2097341,1,0,0,0,1
PA07,Susan Wild,$3254488,1,0,0,0,1
OK01,Kevin Hern,$2741502,1,0,0,0,1
MS03,Michael Patrick Guest,$937399,1,0,0,0,1
SC01,Joe Cunningham,$2388236,1,0,0,0,1
AZ09,Greg Stanton,$2459750,1,0,0,0,1
VA06,Ben Cline,$970756,1,0,0,0,1
TN07,Mark Green,$1764692,1,0,0,0,1
PA04,Madeleine Dean,$1203781,1,0,0,0,1
MN01,Jim Hagedorn,$1584056,1,0,0,0,1
TX21,Chip Roy,$1747592,1,0,0,0,1
SD01,Dusty Johnson,$1711341,1,0,0,0,1
SC04,William Timmons,$1321517,1,0,0,0,1
NJ11,Mikie Sherrill,$8042095,1,0,0,0,1
ID01,Russ Fulcher,$875957,1,0,0,0,1
PA13,John Joyce,$1455261,1,0,0,0,1
TX03,Van Taylor,$3587936,1,0,0,0,1
NV04,Steven Horsford,$2240360,1,0,0,0,1
TX05,Lance Gooden,$884794,1,0,0,0,1
TN02,Tim Burchett,$944873,1,0,0,0,1
NJ02,Jeff Van Drew,$1877530,1,0,0,0,1
NY14,Alexandria Ocasio-Cortez,$1673699,1,0,0,0,1
FL27,Donna Shalala,$4049832,1,0,0,0,1
CA49,Mike Levin,$5400295,1,0,0,0,1
MA03,Lori Trahan,$2489203,1,0,0,0,1
TX06,Ron Wright,$703364,1,0,0,0,1
PA06,Chrissy Houlahan,$3329242,1,0,0,0,1
WA08,Kim Schrier,$8057758,1,0,0,0,1
ND01,Kelly Armstrong,$1651782,1,0,0,0,1
NC09,Mark Harris,$2088262,1,0,0,0,1
MI11,Haley Stevens,$4149627,1,0,0,0,1
AZ02,Ann Kirkpatrick,$4460335,1,0,0,0,1
FL06,Michael Waltz,$1980941,1,0,0,0,1
OH16,Anthony Gonzalez,$1853969,1,0,0,0,1
IN06,Greg Pence,$2559976,1,0,0,0,1
IL04,Jesus Garcia,$846067,1,0,0,0,1
TX16,Veronica Escobar,$1176757,1,0,0,0,1
MI13,Rashida Tlaib,$1558128,1,0,0,0,1
MD06,David Trone,$18391719,1,0,0,0,1
VA05,Denver Riggleman,$1922423,1,0,0,0,1
NV03,Susie Lee,$5036154,1,0,0,0,1
TN06,John Rose,$2961617,1,0,0,0,1
MA07,Ayanna Pressley,$1392589,1,0,0,0,1
CT05,Jahana Hayes,$1294100,1,0,0,0,1
WV03,Carol Miller,$1822330,1,0,0,0,1
PA05,Mary Gay Scanlon,$1819039,1,0,0,0,1
MN08,Pete Stauber,$1731246,1,0,0,0,1
FL17,Greg Steube,$679037,1,0,0,0,1
NM02,Xochitl Torres Small,$4586962,1,0,0,0,1
PA09,Dan Meuser,$2228407,1,0,0,0,1
IN04,Jim Baird,$425343,1,0,0,0,1
MI09,Andy Levin,$1406930,1,0,0,0,1
TX02,Dan Crenshaw,$1817750,1,0,0,0,1
CA39,Gil Cisneros,$12030392,1,0,0,0,1
NM01,Debra Haaland,$2170370,1,0,0,0,1
TX29,Sylvia Garcia,$988432,1,0,0,0,1
WI01,Bryan Steil,$2279774,1,0,0,0,1
FL15,Ross Spano,$928168,1,0,0,0,1
HI01,Ed Case,$482674,1,0,0,0,1
CO02,Joseph Neguse,$1029282,1,0,0,0,1
PA14,Guy Reschenthaler,$1041079,1,0,0,0,1
NY25,Joseph D Morelle,$1820956,1,0,0,0,1
KS02,Steve Watkins,$1187111,1,0,0,0,1
FL17,Allen Ellison,$4187,0,1,0,0,1
TX29,Phillip Aronoff,$98484,0,1,0,0,1
SC01,Katherine Arrington,$1563049,0,1,0,0,1
PA14,Bibiana Boerio,$663310,0,1,0,0,1
NH01,Eddie Edwards,$1204431,0,1,0,0,1
AZ02,Lea Marquez Peterson,$1437130,0,1,0,0,1
NY25,Jim Maxwell,$987080,0,1,0,0,1
SC04,Brandon Brown,$70966,0,1,0,0,1
NV03,Danny Tarkanian,$2265798,0,1,0,0,1
MN05,Jennifer L Zielinski,$22754,0,1,0,0,1
IN04,Tobi Beck,$110728,0,1,0,0,1
OK01,Tim Gilpin,$385878,0,1,0,0,1
IL04,Mark Lorch,$7607,0,1,0,0,1
PA09,Denny Wolff,$1539036,0,1,0,0,1
NM01,Janice E Arnold-Jones,$317386,0,1,0,0,1
TX21,Joseph Kopser,$3128954,0,1,0,0,1
CA39,Young Kim,$2885745,0,1,0,0,1
NJ11,Jay Webber,$1643819,0,1,0,0,1
NJ02,Seth Grossman,$299474,0,1,0,0,1
FL15,Kristen Carlson,$2060049,0,1,0,0,1
NC09,Dan McCready,$6280744,0,1,0,0,1
TX06,Jana Lynne Sanchez,$704424,0,1,0,0,1
CO02,Peter Yu,$64208,0,1,0,0,1
MA07,Unopposed,$0,0,1,0,0,1
PA05,Pearl Kim,$477502,0,1,0,0,1
SD01,Tim Bjorkman,$821275,0,1,0,0,1
NV04,Cresent Hardy,$870725,0,1,0,0,1
TX03,Lorie Burch,$315209,0,1,0,0,1
IN06,Jeannine Lee Lake,$57090,0,1,0,0,1
WI01,Randy Bryce,$8584300,0,1,0,0,1
TN02,Renee Hoyos,$340926,0,1,0,0,1
HI01,Cam Cavasso,$154315,0,1,0,0,1
NY14,Anthony Pappas,$2500,0,1,0,0,1
WV03,Richard Ojeda,$2835819,0,1,0,0,1
FL27,Maria Elvira Salazar,$2042401,0,1,0,0,1
TN07,Justin Kanew,$489958,0,1,0,0,1
VA05,Leslie Cockburn,$3498113,0,1,0,0,1
MA03,Rick Green,$922203,0,1,0,0,1
TX16,Rick Seeberger,$49210,0,1,0,0,1
AZ09,Steve Ferrara,$1502064,0,1,0,0,1
VA06,Jennifer Lewis,$423948,0,1,0,0,1
NM02,Yvette Herrell,$1324553,0,1,0,0,1
KS02,Paul Davis,$3926855,0,1,0,0,1
ID01,Cristina McNeil,$22192,0,1,0,0,1
MN01,Daniel Feehan,$4117707,0,1,0,0,1
PA04,Dan David,$507947,0,1,0,0,1
PA07,Marty Nothstein,$877672,0,1,0,0,1
CA49,Diane Harkey,$1607987,0,1,0,0,1
TN06,Dawn Barlow,$43317,0,1,0,0,1
TX05,Dan Wood,$110775,0,1,0,0,1
PA13,Brent Ottaway,$30785,0,1,0,0,1
MN08,Joe Radinovich,$2361547,0,1,0,0,1
OH16,Susan Palmer,$367274,0,1,0,0,1
MI13,Sam Johnson,$0,0,1,0,0,1
FL06,Nancy Soderberg,$3183648,0,1,0,0,1
TX02,Todd Litton,$1494195,0,1,0,0,1
PA06,Greg McCauley,$215002,0,1,0,0,1
CT05,Manny Santos,$75745,0,1,0,0,1
MI11,Lena Epstein,$2636897,0,1,0,0,1
ND01,Mac Schneider,$758660,0,1,0,0,1
WA08,Dino Rossi,$4780546,0,1,0,0,1
MI09,Candius Stearns,$142010,0,1,0,0,1
MD06,Amie Hoeber,$898729,0,1,0,0,1
MS03,Michael Ted Evans,$34046,0,1,0,0,1
