district,name,winner,loser,incumbent,challenger,open,year
MD05,Steny H Hoyer,1,0,1,0,0,2018
MA01,Richard E Neal,1,0,1,0,0,2018
MA04,Joe Kennedy III,1,0,1,0,0,2018
IL03,Daniel Lipinski,1,0,1,0,0,2018
NM03,Ben Ray Lujan,1,0,1,0,0,2018
CA05,Mike Thompson,1,0,1,0,0,2018
NY16,Eliot L Engel,1,0,1,0,0,2018
GA05,John Lewis,1,0,1,0,0,2018
CT01,John B Larson,1,0,1,0,0,2018
RI01,David Cicilline,1,0,1,0,0,2018
NY04,Kathleen Rice,1,0,1,0,0,2018
NY08,Hakeem Jeffries,1,0,1,0,0,2018
HI02,Tulsi Gabbard,1,0,1,0,0,2018
NY06,Grace Meng,1,0,1,0,0,2018
NJ09,Bill Pascrell Jr.,1,0,1,0,0,2018
CA38,Linda Sanchez,1,0,1,0,0,2018
CA18,Anna Eshoo,1,0,1,0,0,2018
CT03,Rosa L DeLauro,1,0,1,0,0,2018
IL05,Mike Quigley,1,0,1,0,0,2018
NY20,Paul Tonko,1,0,1,0,0,2018
DE01,Lisa Blunt Rochester,1,0,1,0,0,2018
TX28,Henry Cuellar,1,0,1,0,0,2018
AL07,Terri A Sewell,1,0,1,0,0,2018
MA05,Katherine Clark,1,0,1,0,0,2018
CA06,Doris O Matsui,1,0,1,0,0,2018
MI04,John Moolenaar,1,0,1,0,0,2018
WI04,Gwen Moore,1,0,1,0,0,2018
IN01,Pete Visclosky,1,0,1,0,0,2018
MI05,Dan Kildee,1,0,1,0,0,2018
OK03,Frank D Lucas,1,0,1,0,0,2018
MS02,Bennie G Thompson,1,0,1,0,0,2018
WA02,Rick Larsen,1,0,1,0,0,2018
CT02,Joe Courtney,1,0,1,0,0,2018
NY05,Gregory W Meeks,1,0,1,0,0,2018
NC04,David Price,1,0,1,0,0,2018
PA02,Brendan Boyle,1,0,1,0,0,2018
CA44,Nanette Barragan,1,0,1,0,0,2018
AZ07,Ruben Gallego,1,0,1,0,0,2018
TX20,Joaquin Castro,1,0,1,0,0,2018
WI02,Mark Pocan,1,0,1,0,0,2018
IL02,Robin Kelly,1,0,1,0,0,2018
NY26,Brian M Higgins,1,0,1,0,0,2018
NY07,Nydia M Velazquez,1,0,1,0,0,2018
PA18,Mike Doyle,1,0,1,0,0,2018
MD08,Jamie Raskin,1,0,1,0,0,2018
FL10,Val Demings,1,0,1,0,0,2018
FL21,Lois J Frankel,1,0,1,0,0,2018
NV01,Dina Titus,1,0,1,0,0,2018
OH03,Joyce Beatty,1,0,1,0,0,2018
OR01,Suzanne Bonamici,1,0,1,0,0,2018
TN05,Jim Cooper,1,0,1,0,0,2018
CA20,Jimmy Panetta,1,0,1,0,0,2018
CA14,Jackie Speier,1,0,1,0,0,2018
MO01,William L Clay Jr.,1,0,1,0,0,2018
MD03,John Sarbanes,1,0,1,0,0,2018
GA08,Austin Scott,1,0,1,0,0,2018
FL14,Kathy Castor,1,0,1,0,0,2018
VA03,Bobby Scott,1,0,1,0,0,2018
MI14,Brenda Lawrence,1,0,1,0,0,2018
NJ10,Donald M Payne Jr.,1,0,1,0,0,2018
NC03,Walter B Jones Jr.,1,0,1,0,0,2018
IL07,Danny K Davis,1,0,1,0,0,2018
CA46,Lou Correa,1,0,1,0,0,2018
CA30,Brad Sherman,1,0,1,0,0,2018
TX09,Al Green,1,0,1,0,0,2018
NC12,Alma Adams,1,0,1,0,0,2018
MA08,Stephen F Lynch,1,0,1,0,0,2018
MD04,Anthony Brown,1,0,1,0,0,2018
CA11,Mark Desaulnier,1,0,1,0,0,2018
FL24,Frederica Wilson,1,0,1,0,0,2018
IL01,Bobby L Rush,1,0,1,0,0,2018
TX30,Eddie Bernice Johnson,1,0,1,0,0,2018
NY15,Jose E Serrano,1,0,1,0,0,2018
OR03,Earl Blumenauer,1,0,1,0,0,2018
IN07,Andre Carson,1,0,1,0,0,2018
SC06,James E Clyburn,1,0,1,0,0,2018
CA17,Ro Khanna,1,0,1,0,0,2018
KY05,Hal Rogers,1,0,1,0,0,2018
CA12,Nancy Pelosi,1,0,1,0,0,2018
NY09,Yvette D Clarke,1,0,1,0,0,2018
WA10,Dennis Heck,1,0,1,0,0,2018
OK04,Tom Cole,1,0,1,0,0,2018
CA29,Tony Cardenas,1,0,1,0,0,2018
CA13,Barbara Lee,1,0,1,0,0,2018
WA07,Pramila Jayapal,1,0,1,0,0,2018
TN08,David Kustoff,1,0,1,0,0,2018
RI02,Jim Langevin,1,0,1,0,0,2018
CA02,Jared Huffman,1,0,1,0,0,2018
TX08,Kevin Brady,1,0,1,0,0,2018
LA02,Cedric Richmond,1,0,1,0,0,2018
FL20,Alcee L Hastings,1,0,1,0,0,2018
CA35,Norma Torres,1,0,1,0,0,2018
GA14,Tom Graves,1,0,1,0,0,2018
NJ01,Don Norcross,1,0,1,0,0,2018
NJ08,Albio Sires,1,0,1,0,0,2018
IL17,Cheri Bustos,1,0,1,0,0,2018
PA03,Dwight Evans,1,0,1,0,0,2018
NY13,Adriano Espaillat,1,0,1,0,0,2018
CA28,Adam Schiff,1,0,1,0,0,2018
CA19,Zoe Lofgren,1,0,1,0,0,2018
CA27,Judy Chu,1,0,1,0,0,2018
WA01,Suzan DelBene,1,0,1,0,0,2018
CA37,Karen Bass,1,0,1,0,0,2018
NY17,Nita M Lowey,1,0,1,0,0,2018
CA23,Kevin McCarthy,1,0,1,0,0,2018
TX18,Sheila Jackson Lee,1,0,1,0,0,2018
NY12,Carolyn B Maloney,1,0,1,0,0,2018
GA02,Sanford Bishop,1,0,1,0,0,2018
MD07,Elijah E Cummings,1,0,1,0,0,2018
MO03,Blaine Luetkemeyer,1,0,1,0,0,2018
GA13,David Scott,1,0,1,0,0,2018
OH06,Bill Johnson,1,0,1,0,0,2018
VT01,Peter Welch,1,0,1,0,0,2018
LA06,Garret Graves,1,0,1,0,0,2018
MI12,Debbie Dingell,1,0,1,0,0,2018
LA01,Steve Scalise,1,0,1,0,0,2018
LA05,Ralph Abraham,1,0,1,0,0,2018
CA32,Grace Napolitano,1,0,1,0,0,2018
MN04,Betty McCollum,1,0,1,0,0,2018
UT01,Rob Bishop,1,0,1,0,0,2018
NJ06,Frank Pallone Jr.,1,0,1,0,0,2018
CA15,Eric Swalwell,1,0,1,0,0,2018
SC07,Tom Rice,1,0,1,0,0,2018
UT03,John Curtis,1,0,1,0,0,2018
FL13,Charlie Crist,1,0,1,0,0,2018
MO06,Sam Graves,1,0,1,0,0,2018
MA02,James P McGovern,1,0,1,0,0,2018
IL08,Raja Krishnamoorthi,1,0,1,0,0,2018
LA04,Mike Johnson,1,0,1,0,0,2018
NJ12,Bonnie Coleman,1,0,1,0,0,2018
CO01,Diana DeGette,1,0,1,0,0,2018
IL15,John M Shimkus,1,0,1,0,0,2018
WA06,Derek Kilmer,1,0,1,0,0,2018
TX13,Mac Thornberry,1,0,1,0,0,2018
CA03,John Garamendi,1,0,1,0,0,2018
CA40,Lucille Roybal-Allard,1,0,1,0,0,2018
NC01,G K Butterfield,1,0,1,0,0,2018
NC10,Patrick McHenry,1,0,1,0,0,2018
TX11,Mike Conaway,1,0,1,0,0,2018
TX33,Marc Veasey,1,0,1,0,0,2018
OH11,Marcia L Fudge,1,0,1,0,0,2018
VA08,Don Beyer,1,0,1,0,0,2018
MN06,Tom Emmer,1,0,1,0,0,2018
GA10,Jody Hice,1,0,1,0,0,2018
MD02,Dutch Ruppersberger,1,0,1,0,0,2018
CA41,Mark Takano,1,0,1,0,0,2018
FL09,Darren Soto,1,0,1,0,0,2018
CO07,Ed Perlmutter,1,0,1,0,0,2018
OR05,Kurt Schrader,1,0,1,0,0,2018
WI07,Sean P Duffy,1,0,1,0,0,2018
MO07,Billy Long,1,0,1,0,0,2018
TX15,Vicente Gonzalez,1,0,1,0,0,2018
GA03,Drew Ferguson,1,0,1,0,0,2018
IL09,Jan Schakowsky,1,0,1,0,0,2018
NY10,Jerrold Nadler,1,0,1,0,0,2018
NE03,Adrian Smith,1,0,1,0,0,2018
FL01,Matt Gaetz,1,0,1,0,0,2018
OH13,Tim Ryan,1,0,1,0,0,2018
AL01,Bradley Byrne,1,0,1,0,0,2018
TX04,John Lee Ratcliffe,1,0,1,0,0,2018
AL04,Robert B Aderholt,1,0,1,0,0,2018
IL18,Darin LaHood,1,0,1,0,0,2018
OH09,Marcy Kaptur,1,0,1,0,0,2018
NY18,Sean Patrick Maloney,1,0,1,0,0,2018
TX01,Louis B Gohmert Jr.,1,0,1,0,0,2018
TX26,Michael Burgess,1,0,1,0,0,2018
TX17,Bill Flores,1,0,1,0,0,2018
MO05,Emanuel Cleaver,1,0,1,0,0,2018
WY01,Liz Cheney,1,0,1,0,0,2018
GA11,Barry Loudermilk,1,0,1,0,0,2018
WA09,Adam Smith,1,0,1,0,0,2018
FL05,Al Lawson,1,0,1,0,0,2018
MI10,Paul Mitchell,1,0,1,0,0,2018
CA51,Juan Vargas,1,0,1,0,0,2018
OK02,Markwayne Mullin,1,0,1,0,0,2018
CA09,Jerry McNerney,1,0,1,0,0,2018
CA47,Alan Lowenthal,1,0,1,0,0,2018
KY01,James Comer,1,0,1,0,0,2018
FL03,Ted Yoho,1,0,1,0,0,2018
CA34,Jimmy Gomez,1,0,1,0,0,2018
ME01,Chellie Pingree,1,0,1,0,0,2018
SC02,Joe Wilson,1,0,1,0,0,2018
TX24,Kenny Marchant,1,0,1,0,0,2018
IN05,Susan Brooks,1,0,1,0,0,2018
TX35,Lloyd Doggett,1,0,1,0,0,2018
IL10,Brad Schneider,1,0,1,0,0,2018
CA42,Ken Calvert,1,0,1,0,0,2018
OH08,Warren Davidson,1,0,1,0,0,2018
KY02,Brett Guthrie,1,0,1,0,0,2018
TX12,Kay Granger,1,0,1,0,0,2018
TX19,Jodey Arrington,1,0,1,0,0,2018
KY04,Thomas Massie,1,0,1,0,0,2018
MA06,Seth Moulton,1,0,1,0,0,2018
AZ03,Raul M Grijalva,1,0,1,0,0,2018
PA12,Tom Marino,1,0,1,0,0,2018
PA15,Glenn Thompson,1,0,1,0,0,2018
AR04,Bruce Westerman,1,0,1,0,0,2018
NE01,Jeff Fortenberry,1,0,1,0,0,2018
ID02,Mike Simpson,1,0,1,0,0,2018
OH05,Robert E Latta,1,0,1,0,0,2018
OR04,Peter DeFazio,1,0,1,0,0,2018
GA09,Doug Collins,1,0,1,0,0,2018
NH02,Ann Kuster,1,0,1,0,0,2018
MO08,Jason Smith,1,0,1,0,0,2018
WI03,Ron Kind,1,0,1,0,0,2018
TX34,Filemon Vela,1,0,1,0,0,2018
AR01,Rick Crawford,1,0,1,0,0,2018
NV02,Mark Amodei,1,0,1,0,0,2018
NC05,Virginia Foxx,1,0,1,0,0,2018
VA01,Rob Wittman,1,0,1,0,0,2018
MN07,Collin Peterson,1,0,1,0,0,2018
FL22,Ted Deutch,1,0,1,0,0,2018
GA04,Hank Johnson,1,0,1,0,0,2018
IL11,Bill Foster,1,0,1,0,0,2018
WI08,Mike Gallagher,1,0,1,0,0,2018
CA33,Ted Lieu,1,0,1,0,0,2018
FL11,Daniel Webster,1,0,1,0,0,2018
IL16,Adam Kinzinger,1,0,1,0,0,2018
GA01,Buddy Carter,1,0,1,0,0,2018
MS01,Trent Kelly,1,0,1,0,0,2018
NC11,Mark R Meadows,1,0,1,0,0,2018
TN09,Steve Cohen,1,0,1,0,0,2018
CA52,Scott Peters,1,0,1,0,0,2018
MS04,Steven Palazzo,1,0,1,0,0,2018
AL06,Gary Palmer,1,0,1,0,0,2018
CA08,Paul Cook,1,0,1,0,0,2018
CA26,Julia Brownley,1,0,1,0,0,2018
MI03,Justin Amash,1,0,1,0,0,2018
CA53,Susan A Davis,1,0,1,0,0,2018
WV01,David McKinley,1,0,1,0,0,2018
AR03,Steve Womack,1,0,1,0,0,2018
IN08,Larry Bucshon,1,0,1,0,0,2018
AL02,Martha Roby,1,0,1,0,0,2018
GA12,Richard W Allen,1,0,1,0,0,2018
AZ06,David Schweikert,1,0,1,0,0,2018
FL04,John Rutherford,1,0,1,0,0,2018
FL23,Debbie Wasserman Schultz,1,0,1,0,0,2018
VA04,Donald McEachin,1,0,1,0,0,2018
OH15,Steve Stivers,1,0,1,0,0,2018
FL02,Neal Dunn,1,0,1,0,0,2018
OR02,Greg Walden,1,0,1,0,0,2018
TN01,Phil Roe,1,0,1,0,0,2018
TX10,Michael McCaul,1,0,1,0,0,2018
AL05,Mo Brooks,1,0,1,0,0,2018
LA03,Clay Higgins,1,0,1,0,0,2018
TX14,Randy Weber,1,0,1,0,0,2018
TX27,Michael Cloud,1,0,1,0,0,2018
CA07,Ami Bera,1,0,1,0,0,2018
FL08,Bill Posey,1,0,1,0,0,2018
IA02,David Loebsack,1,0,1,0,0,2018
NC08,Richard Hudson,1,0,1,0,0,2018
NY03,Tom Suozzi,1,0,1,0,0,2018
AL03,Mike D Rogers,1,0,1,0,0,2018
KS01,Roger Marshall,1,0,1,0,0,2018
NJ05,Josh Gottheimer,1,0,1,0,0,2018
CA36,Raul Ruiz,1,0,1,0,0,2018
FL07,Stephanie Murphy,1,0,1,0,0,2018
MO04,Vicky Hartzler,1,0,1,0,0,2018
FL12,Gus Bilirakis,1,0,1,0,0,2018
OH02,Brad Wenstrup,1,0,1,0,0,2018
VA11,Gerry Connolly,1,0,1,0,0,2018
NC06,Mark Walker,1,0,1,0,0,2018
OH04,Jim Jordan,1,0,1,0,0,2018
MI06,Fred Upton,1,0,1,0,0,2018
TX25,Roger Williams,1,0,1,0,0,2018
CO05,Douglas L Lamborn,1,0,1,0,0,2018
CT04,Jim Himes,1,0,1,0,0,2018
MT01,Greg Gianforte,1,0,1,0,0,2018
SC03,Jeff Duncan,1,0,1,0,0,2018
WA04,Dan Newhouse,1,0,1,0,0,2018
TN03,Chuck Fleischmann,1,0,1,0,0,2018
UT02,Chris Stewart,1,0,1,0,0,2018
AZ01,Tom O'Halleran,1,0,1,0,0,2018
CA31,Pete Aguilar,1,0,1,0,0,2018
NY21,Elise Stefanik,1,0,1,0,0,2018
NY23,Tom Reed,1,0,1,0,0,2018
WI05,F James Sensenbrenner Jr.,1,0,1,0,0,2018
AZ05,Andy Biggs,1,0,1,0,0,2018
CA16,Jim Costa,1,0,1,0,0,2018
PA16,Mike Kelly,1,0,1,0,0,2018
MO02,Ann L Wagner,1,0,1,0,0,2018
NC02,George Holding,1,0,1,0,0,2018
WV02,Alex Mooney,1,0,1,0,0,2018
FL16,Vernon Buchanan,1,0,1,0,0,2018
FL19,Francis Rooney,1,0,1,0,0,2018
MI02,Bill Huizenga,1,0,1,0,0,2018
KY03,John A Yarmuth,1,0,1,0,0,2018
NC07,David Rouzer,1,0,1,0,0,2018
NY02,Pete King,1,0,1,0,0,2018
AR02,French Hill,1,0,1,0,0,2018
CA24,Salud Carbajal,1,0,1,0,0,2018
CA43,Maxine Waters,1,0,1,0,0,2018
NY27,Chris Collins,1,0,1,0,0,2018
CA22,Devin Nunes,1,0,1,0,0,2018
FL18,Brian Mast,1,0,1,0,0,2018
IN03,Jim Banks,1,0,1,0,0,2018
FL25,Mario Diaz-Balart,1,0,1,0,0,2018
OH10,Michael R Turner,1,0,1,0,0,2018
OH14,David P Joyce,1,0,1,0,0,2018
TX22,Pete Olson,1,0,1,0,0,2018
VA09,Morgan Griffith,1,0,1,0,0,2018
AZ04,Paul Gosar,1,0,1,0,0,2018
KS04,Ron Estes,1,0,1,0,0,2018
MI01,John Bergman,1,0,1,0,0,2018
NY24,John Katko,1,0,1,0,0,2018
PA08,Matt Cartwright,1,0,1,0,0,2018
TX36,Brian Babin,1,0,1,0,0,2018
CA01,Doug LaMalfa,1,0,1,0,0,2018
MD01,Andy Harris,1,0,1,0,0,2018
NE02,Don Bacon,1,0,1,0,0,2018
SC05,Ralph Norman,1,0,1,0,0,2018
NY01,Lee Zeldin,1,0,1,0,0,2018
WA05,Cathy McMorris Rodgers,1,0,1,0,0,2018
CO03,Scott Tipton,1,0,1,0,0,2018
IL13,Rodney Davis,1,0,1,0,0,2018
MI07,Tim Walberg,1,0,1,0,0,2018
NJ04,Chris Smith,1,0,1,0,0,2018
PA11,Lloyd Smucker,1,0,1,0,0,2018
TX23,Will Hurd,1,0,1,0,0,2018
OH01,Steve Chabot,1,0,1,0,0,2018
PA10,Scott Perry,1,0,1,0,0,2018
WA03,Jaime Herrera Beutler,1,0,1,0,0,2018
AK01,Don Young,1,0,1,0,0,2018
CO04,Ken Buck,1,0,1,0,0,2018
IL12,Mike Bost,1,0,1,0,0,2018
IN02,Jackie Walorski,1,0,1,0,0,2018
KY06,Andy Barr,1,0,1,0,0,2018
MA09,Bill Keating,1,0,1,0,0,2018
OH07,Bob Gibbs,1,0,1,0,0,2018
IN09,Trey Hollingsworth,1,0,1,0,0,2018
GA07,Rob Woodall,1,0,1,0,0,2018
NC13,Ted Budd,1,0,1,0,0,2018
WI06,Glenn S Grothman,1,0,1,0,0,2018
CA04,Tom McClintock,1,0,1,0,0,2018
TN04,Scott Desjarlais,1,0,1,0,0,2018
AZ08,Debbie Lesko,1,0,1,0,0,2018
CA50,Duncan D Hunter,1,0,1,0,0,2018
TX31,John Carter,1,0,1,0,0,2018
IA04,Steven A. King,1,0,1,0,0,2018
OH12,Troy Balderson,1,0,1,0,0,2018
PA01,Brian Fitzpatrick,1,0,1,0,0,2018
CA25,Katie Hill,1,0,0,1,0,2018
CA48,Harley Rouda,1,0,0,1,0,2018
NJ07,Tom Malinowski,1,0,0,1,0,2018
NY19,Antonio Delgado,1,0,0,1,0,2018
MI08,Elissa Slotkin,1,0,0,1,0,2018
VA07,Abigail Spanberger,1,0,0,1,0,2018
IA01,Abby Finkenauer,1,0,0,1,0,2018
IL14,Lauren A Underwood,1,0,0,1,0,2018
IA03,Cindy Axne,1,0,0,1,0,2018
MN02,Angie Craig,1,0,0,1,0,2018
TX07,Lizzie Fletcher,1,0,0,1,0,2018
CA10,Josh Harder,1,0,0,1,0,2018
NY11,Max Rose,1,0,0,1,0,2018
CO06,Jason Crow,1,0,0,1,0,2018
ME02,Jared Golden,1,0,0,1,0,2018
NY22,Anthony Brindisi,1,0,0,1,0,2018
CA45,Katie Porter,1,0,0,1,0,2018
NJ03,Andy Kim,1,0,0,1,0,2018
OK05,Kendra Horn,1,0,0,1,0,2018
MN03,Dean Phillips,1,0,0,1,0,2018
TX32,Colin Allred,1,0,0,1,0,2018
VA02,Elaine Luria,1,0,0,1,0,2018
KS03,Sharice Davids,1,0,0,1,0,2018
CA21,TJ Cox,1,0,0,1,0,2018
FL26,Debbie Mucarsel-Powell,1,0,0,1,0,2018
VA10,Jennifer Wexton,1,0,0,1,0,2018
IL06,Sean Casten,1,0,0,1,0,2018
UT04,Ben McAdams,1,0,0,1,0,2018
GA06,Lucy McBath,1,0,0,1,0,2018
MI13,Rashida Tlaib,1,0,0,,1,2018
MA07,Ayanna Pressley,1,0,0,,1,2018
NY14,Alexandria Ocasio-Cortez,1,0,0,,1,2018
FL17,Greg Steube,1,0,0,,1,2018
IL04,Jesus Garcia,1,0,0,,1,2018
TN06,John Rose,1,0,0,,1,2018
PA13,John Joyce,1,0,0,,1,2018
IN06,Greg Pence,1,0,0,,1,2018
MN05,Ilhan Omar,1,0,0,,1,2018
ID01,Russ Fulcher,1,0,0,,1,2018
MS03,Michael Patrick Guest,1,0,0,,1,2018
TX16,Veronica Escobar,1,0,0,,1,2018
MD06,David Trone,1,0,0,,1,2018
SC04,William Timmons,1,0,0,,1,2018
CT05,Jahana Hayes,1,0,0,,1,2018
CO02,Joseph Neguse,1,0,0,,1,2018
PA06,Chrissy Houlahan,1,0,0,,1,2018
TX03,Van Taylor,1,0,0,,1,2018
TX29,Sylvia Garcia,1,0,0,,1,2018
MI09,Andy Levin,1,0,0,,1,2018
TX05,Lance Gooden,1,0,0,,1,2018
OK01,Kevin Hern,1,0,0,,1,2018
NM01,Debra Haaland,1,0,0,,1,2018
NJ02,Jeff Van Drew,1,0,0,,1,2018
OH16,Anthony Gonzalez,1,0,0,,1,2018
NJ11,Mikie Sherrill,1,0,0,,1,2018
CA39,Gil Cisneros,1,0,0,,1,2018
IN04,Jim Baird,1,0,0,,1,2018
PA05,Mary Gay Scanlon,1,0,0,,1,2018
PA07,Susan Wild,1,0,0,,1,2018
TN07,Mark Green,1,0,0,,1,2018
NM02,Xochitl Torres Small,1,0,0,,1,2018
CA49,Mike Levin,1,0,0,,1,2018
AZ02,Ann Kirkpatrick,1,0,0,,1,2018
HI01,Ed Case,1,0,0,,1,2018
TN02,Tim Burchett,1,0,0,,1,2018
MA03,Lori Trahan,1,0,0,,1,2018
NV04,Steven Horsford,1,0,0,,1,2018
PA04,Madeleine Dean,1,0,0,,1,2018
VA06,Ben Cline,1,0,0,,1,2018
ND01,Kelly Armstrong,1,0,0,,1,2018
NV03,Susie Lee,1,0,0,,1,2018
SD01,Dusty Johnson,1,0,0,,1,2018
FL27,Donna Shalala,1,0,0,,1,2018
NY25,Joseph D Morelle,1,0,0,,1,2018
NH01,Chris Pappas,1,0,0,,1,2018
WA08,Kim Schrier,1,0,0,,1,2018
AZ09,Greg Stanton,1,0,0,,1,2018
MI11,Haley Stevens,1,0,0,,1,2018
PA14,Guy Reschenthaler,1,0,0,,1,2018
SC01,Joe Cunningham,1,0,0,,1,2018
PA09,Dan Meuser,1,0,0,,1,2018
TX02,Dan Crenshaw,1,0,0,,1,2018
TX06,Ron Wright,1,0,0,,1,2018
MN08,Pete Stauber,1,0,0,,1,2018
FL06,Michael Waltz,1,0,0,,1,2018
WV03,Carol Miller,1,0,0,,1,2018
TX21,Chip Roy,1,0,0,,1,2018
VA05,Denver Riggleman,1,0,0,,1,2018
FL15,Ross Spano,1,0,0,,1,2018
MN01,Jim Hagedorn,1,0,0,,1,2018
NC09,Mark Harris,1,0,0,,1,2018
KS02,Steve Watkins,1,0,0,,1,2018
WI01,Bryan Steil,1,0,0,,1,2018
TX08,Kevin Brady,1,0,1,0,0,2016
IL15,John M Shimkus,1,0,1,0,0,2016
OR02,Greg Walden,1,0,1,0,0,2016
TX05,Jeb Hensarling,1,0,1,0,0,2016
GA06,Tom Price,1,0,1,0,0,2016
MN05,Keith Ellison,1,0,1,0,0,2016
SC06,James E Clyburn,1,0,1,0,0,2016
IL17,Cheri Bustos,1,0,1,0,0,2016
NM01,Michelle Lujan Grisham,1,0,1,0,0,2016
NJ03,Thomas MacArthur,1,0,1,0,0,2016
TX29,Gene Green,1,0,1,0,0,2016
AL02,Martha Roby,1,0,1,0,0,2016
MN06,Tom Emmer,1,0,1,0,0,2016
NY12,Carolyn B Maloney,1,0,1,0,0,2016
NJ11,Rodney Frelinghuysen,1,0,1,0,0,2016
CA34,Xavier Becerra,1,0,1,0,0,2016
TX11,Mike Conaway,1,0,1,0,0,2016
MA06,Seth Moulton,1,0,1,0,0,2016
CT01,John B Larson,1,0,1,0,0,2016
OK04,Tom Cole,1,0,1,0,0,2016
KS02,Lynn Jenkins,1,0,1,0,0,2016
TN07,Marsha Blackburn,1,0,1,0,0,2016
CA38,Linda Sanchez,1,0,1,0,0,2016
MO06,Sam Graves,1,0,1,0,0,2016
AL04,Robert B Aderholt,1,0,1,0,0,2016
CA22,Devin Nunes,1,0,1,0,0,2016
GA09,Doug Collins,1,0,1,0,0,2016
TX20,Joaquin Castro,1,0,1,0,0,2016
WI03,Ron Kind,1,0,1,0,0,2016
MO08,Jason Smith,1,0,1,0,0,2016
KY02,Brett Guthrie,1,0,1,0,0,2016
MI09,Sander Levin,1,0,1,0,0,2016
NY17,Nita M Lowey,1,0,1,0,0,2016
HI02,Tulsi Gabbard,1,0,1,0,0,2016
OH13,Tim Ryan,1,0,1,0,0,2016
NY16,Eliot L Engel,1,0,1,0,0,2016
NC05,Virginia Foxx,1,0,1,0,0,2016
TX03,Sam Johnson,1,0,1,0,0,2016
AL01,Bradley Byrne,1,0,1,0,0,2016
MS03,Gregg Harper,1,0,1,0,0,2016
CT03,Rosa L DeLauro,1,0,1,0,0,2016
OR03,Earl Blumenauer,1,0,1,0,0,2016
WA02,Rick Larsen,1,0,1,0,0,2016
PA18,Tim Murphy,1,0,1,0,0,2016
TX12,Kay Granger,1,0,1,0,0,2016
TX26,Michael Burgess,1,0,1,0,0,2016
AL07,Terri A Sewell,1,0,1,0,0,2016
OK03,Frank D Lucas,1,0,1,0,0,2016
GA02,Sanford Bishop,1,0,1,0,0,2016
TX34,Filemon Vela,1,0,1,0,0,2016
MI04,John Moolenaar,1,0,1,0,0,2016
GA08,Austin Scott,1,0,1,0,0,2016
MS02,Bennie G Thompson,1,0,1,0,0,2016
NJ12,Bonnie Coleman,1,0,1,0,0,2016
NY20,Paul Tonko,1,0,1,0,0,2016
IL16,Adam Kinzinger,1,0,1,0,0,2016
WA10,Dennis Heck,1,0,1,0,0,2016
PA13,Brendan Boyle,1,0,1,0,0,2016
MD07,Elijah E Cummings,1,0,1,0,0,2016
CA28,Adam Schiff,1,0,1,0,0,2016
IN01,Pete Visclosky,1,0,1,0,0,2016
NY07,Nydia M Velazquez,1,0,1,0,0,2016
GA13,David Scott,1,0,1,0,0,2016
TX28,Henry Cuellar,1,0,1,0,0,2016
GA11,Barry Loudermilk,1,0,1,0,0,2016
MS01,Trent Kelly,1,0,1,0,0,2016
OR01,Suzanne Bonamici,1,0,1,0,0,2016
MA02,James P McGovern,1,0,1,0,0,2016
UT01,Rob Bishop,1,0,1,0,0,2016
OH02,Brad Wenstrup,1,0,1,0,0,2016
FL20,Alcee L Hastings,1,0,1,0,0,2016
IL02,Robin Kelly,1,0,1,0,0,2016
NY06,Grace Meng,1,0,1,0,0,2016
MD01,Andy Harris,1,0,1,0,0,2016
AR01,Rick Crawford,1,0,1,0,0,2016
PA14,Mike Doyle,1,0,1,0,0,2016
TX04,John Lee Ratcliffe,1,0,1,0,0,2016
NY08,Hakeem Jeffries,1,0,1,0,0,2016
NE03,Adrian Smith,1,0,1,0,0,2016
OH05,Robert E Latta,1,0,1,0,0,2016
GA14,Tom Graves,1,0,1,0,0,2016
VT01,Peter Welch,1,0,1,0,0,2016
MO01,William L Clay Jr.,1,0,1,0,0,2016
PA01,Robert A. Brady,1,0,1,0,0,2016
GA01,Buddy Carter,1,0,1,0,0,2016
NY09,Yvette D Clarke,1,0,1,0,0,2016
NC03,Walter B Jones Jr.,1,0,1,0,0,2016
MI05,Dan Kildee,1,0,1,0,0,2016
MA07,Michael E Capuano,1,0,1,0,0,2016
MI14,Brenda Lawrence,1,0,1,0,0,2016
CA37,Karen Bass,1,0,1,0,0,2016
IL03,Daniel Lipinski,1,0,1,0,0,2016
MA05,Katherine Clark,1,0,1,0,0,2016
OH03,Joyce Beatty,1,0,1,0,0,2016
TX36,Brian Babin,1,0,1,0,0,2016
AZ03,Raul M Grijalva,1,0,1,0,0,2016
NY26,Brian M Higgins,1,0,1,0,0,2016
PA04,Scott Perry,1,0,1,0,0,2016
CA40,Lucille Roybal-Allard,1,0,1,0,0,2016
CA14,Jackie Speier,1,0,1,0,0,2016
MI13,John Conyers Jr.,1,0,1,0,0,2016
NY27,Chris Collins,1,0,1,0,0,2016
NJ08,Albio Sires,1,0,1,0,0,2016
AR03,Steve Womack,1,0,1,0,0,2016
TX09,Al Green,1,0,1,0,0,2016
IL04,Luis V Gutierrez,1,0,1,0,0,2016
TN02,John J Duncan Jr.,1,0,1,0,0,2016
IL07,Danny K Davis,1,0,1,0,0,2016
NJ10,Donald M Payne Jr.,1,0,1,0,0,2016
AR04,Bruce Westerman,1,0,1,0,0,2016
GA04,Hank Johnson,1,0,1,0,0,2016
KY04,Thomas Massie,1,0,1,0,0,2016
GA10,Jody B Hice,1,0,1,0,0,2016
CA30,Brad Sherman,1,0,1,0,0,2016
LA05,Ralph Abraham,1,0,1,0,0,2016
FL24,Frederica Wilson,1,0,1,0,0,2016
GA07,Rob Woodall,1,0,1,0,0,2016
NE01,Jeff Fortenberry,1,0,1,0,0,2016
TX30,Eddie Bernice Johnson,1,0,1,0,0,2016
TX16,Beto O'Rourke,1,0,1,0,0,2016
TN01,Phil Roe,1,0,1,0,0,2016
TN09,Steve Cohen,1,0,1,0,0,2016
NY15,Jose E Serrano,1,0,1,0,0,2016
AZ08,Trent Franks,1,0,1,0,0,2016
OK01,James Bridenstine,1,0,1,0,0,2016
CA15,Eric Swalwell,1,0,1,0,0,2016
VA11,Gerry Connolly,1,0,1,0,0,2016
PA03,Mike Kelly,1,0,1,0,0,2016
KY05,Hal Rogers,1,0,1,0,0,2016
OK02,Markwayne Mullin,1,0,1,0,0,2016
WI01,Paul Ryan,1,0,1,0,0,2016
CA05,Mike Thompson,1,0,1,0,0,2016
TX13,Mac Thornberry,1,0,1,0,0,2016
LA01,Steve Scalise,1,0,1,0,0,2016
ID02,Mike Simpson,1,0,1,0,0,2016
IN04,Todd Rokita,1,0,1,0,0,2016
LA06,Garret Graves,1,0,1,0,0,2016
MO03,Blaine Luetkemeyer,1,0,1,0,0,2016
TN06,Diane Black,1,0,1,0,0,2016
CA06,Doris O Matsui,1,0,1,0,0,2016
WI04,Gwen Moore,1,0,1,0,0,2016
RI02,Jim Langevin,1,0,1,0,0,2016
CA43,Maxine Waters,1,0,1,0,0,2016
CA12,Nancy Pelosi,1,0,1,0,0,2016
GA12,Richard W Allen,1,0,1,0,0,2016
CA13,Barbara Lee,1,0,1,0,0,2016
OH06,Bill Johnson,1,0,1,0,0,2016
CA02,Jared Huffman,1,0,1,0,0,2016
OH08,Warren Davidson,1,0,1,0,0,2016
CA23,Kevin McCarthy,1,0,1,0,0,2016
TX10,Michael McCaul,1,0,1,0,0,2016
CA19,Zoe Lofgren,1,0,1,0,0,2016
OH16,Jim Renacci,1,0,1,0,0,2016
TX32,Pete Sessions,1,0,1,0,0,2016
IN06,Luke Messer,1,0,1,0,0,2016
IN07,Andre Carson,1,0,1,0,0,2016
NY25,Louise M Slaughter,1,0,1,0,0,2016
KY03,John A Yarmuth,1,0,1,0,0,2016
AL03,Mike D Rogers,1,0,1,0,0,2016
IL05,Mike Quigley,1,0,1,0,0,2016
WA06,Derek Kilmer,1,0,1,0,0,2016
MA04,Joe Kennedy III,1,0,1,0,0,2016
CA35,Norma Torres,1,0,1,0,0,2016
GA05,John Lewis,1,0,1,0,0,2016
TX06,Joe Barton,1,0,1,0,0,2016
IL13,Rodney Davis,1,0,1,0,0,2016
OH07,Bob Gibbs,1,0,1,0,0,2016
AZ06,David Schweikert,1,0,1,0,0,2016
FL06,Ron DeSantis,1,0,1,0,0,2016
OH12,Pat Tiberi,1,0,1,0,0,2016
MI02,Bill Huizenga,1,0,1,0,0,2016
FL22,Ted Deutch,1,0,1,0,0,2016
PA15,Charlie Dent,1,0,1,0,0,2016
MA01,Richard E Neal,1,0,1,0,0,2016
MO07,Billy Long,1,0,1,0,0,2016
SC03,Jeff Duncan,1,0,1,0,0,2016
MD05,Steny H Hoyer,1,0,1,0,0,2016
TX01,Louis B Gohmert Jr.,1,0,1,0,0,2016
CA18,Anna Eshoo,1,0,1,0,0,2016
OH15,Steve Stivers,1,0,1,0,0,2016
IL14,Randy Hultgren,1,0,1,0,0,2016
TX02,Ted Poe,1,0,1,0,0,2016
CA11,Mark Desaulnier,1,0,1,0,0,2016
AR02,French Hill,1,0,1,0,0,2016
TX27,Blake Farenthold,1,0,1,0,0,2016
NY11,Dan Donovan,1,0,1,0,0,2016
WA01,Suzan DelBene,1,0,1,0,0,2016
WA08,Dave Reichert,1,0,1,0,0,2016
IN08,Larry Bucshon,1,0,1,0,0,2016
OH10,Michael R Turner,1,0,1,0,0,2016
MI12,Debbie Dingell,1,0,1,0,0,2016
NC07,David Rouzer,1,0,1,0,0,2016
CA39,Ed Royce,1,0,1,0,0,2016
TX31,John Carter,1,0,1,0,0,2016
FL25,Mario Diaz-Balart,1,0,1,0,0,2016
CA50,Duncan D Hunter,1,0,1,0,0,2016
FL12,Gus Bilirakis,1,0,1,0,0,2016
NC01,G K Butterfield,1,0,1,0,0,2016
CA45,Mimi Walters,1,0,1,0,0,2016
WV01,David McKinley,1,0,1,0,0,2016
TX22,Pete Olson,1,0,1,0,0,2016
FL23,Debbie Wasserman Schultz,1,0,1,0,0,2016
IL18,Darin LaHood,1,0,1,0,0,2016
MN07,Collin Peterson,1,0,1,0,0,2016
CO07,Ed Perlmutter,1,0,1,0,0,2016
IL06,Peter Roskam,1,0,1,0,0,2016
WA09,Adam Smith,1,0,1,0,0,2016
FL21,Lois J Frankel,1,0,1,0,0,2016
TX17,Bill Flores,1,0,1,0,0,2016
NC02,George Holding,1,0,1,0,0,2016
NY14,Joseph Crowley,1,0,1,0,0,2016
FL15,Dennis Ross,1,0,1,0,0,2016
IL01,Bobby L Rush,1,0,1,0,0,2016
MI03,Justin Amash,1,0,1,0,0,2016
CA08,Paul Cook,1,0,1,0,0,2016
FL14,Kathy Castor,1,0,1,0,0,2016
NV01,Dina Titus,1,0,1,0,0,2016
OH11,Marcia L Fudge,1,0,1,0,0,2016
PA17,Matt Cartwright,1,0,1,0,0,2016
MA03,Niki Tsongas,1,0,1,0,0,2016
CO05,Douglas L Lamborn,1,0,1,0,0,2016
LA02,Cedric Richmond,1,0,1,0,0,2016
NJ06,Frank Pallone Jr.,1,0,1,0,0,2016
TX21,Lamar Smith,1,0,1,0,0,2016
TX25,Roger Williams,1,0,1,0,0,2016
NY05,Gregory W Meeks,1,0,1,0,0,2016
CA29,Tony Cardenas,1,0,1,0,0,2016
AZ07,Ruben Gallego,1,0,1,0,0,2016
CT02,Joe Courtney,1,0,1,0,0,2016
VA01,Rob Wittman,1,0,1,0,0,2016
TX33,Marc Veasey,1,0,1,0,0,2016
OH09,Marcy Kaptur,1,0,1,0,0,2016
TX24,Kenny Marchant,1,0,1,0,0,2016
WI02,Mark Pocan,1,0,1,0,0,2016
NC09,Robert Pittenger,1,0,1,0,0,2016
TX14,Randy Weber,1,0,1,0,0,2016
UT03,Jason Chaffetz,1,0,1,0,0,2016
NH02,Ann Mclane Kuster,1,0,1,0,0,2016
AZ04,Paul Gosar,1,0,1,0,0,2016
NC12,Alma Adams,1,0,1,0,0,2016
MN04,Betty McCollum,1,0,1,0,0,2016
CO01,Diana DeGette,1,0,1,0,0,2016
NM03,Ben R Lujan,1,0,1,0,0,2016
TX07,John Culberson,1,0,1,0,0,2016
OR04,Peter DeFazio,1,0,1,0,0,2016
CA09,Jerry McNerney,1,0,1,0,0,2016
NY10,Jerrold Nadler,1,0,1,0,0,2016
FL11,Daniel Webster,1,0,1,0,0,2016
PA09,Bill Shuster,1,0,1,0,0,2016
WI07,Sean P Duffy,1,0,1,0,0,2016
WA03,Jaime Herrera Beutler,1,0,1,0,0,2016
FL16,Vernon Buchanan,1,0,1,0,0,2016
WA04,Daniel Milton Newhouse,1,0,1,0,0,2016
TX18,Sheila Jackson Lee,1,0,1,0,0,2016
VA08,Don Beyer,1,0,1,0,0,2016
SC04,Trey Gowdy,1,0,1,0,0,2016
FL08,Bill Posey,1,0,1,0,0,2016
CA33,Ted Lieu,1,0,1,0,0,2016
CT05,Elizabeth Esty,1,0,1,0,0,2016
PA10,Tom Marino,1,0,1,0,0,2016
NJ09,Bill Pascrell Jr.,1,0,1,0,0,2016
VA06,Bob Goodlatte,1,0,1,0,0,2016
NJ02,Frank LoBiondo,1,0,1,0,0,2016
CA51,Juan Vargas,1,0,1,0,0,2016
PA05,Glenn Thompson,1,0,1,0,0,2016
TN04,Scott Desjarlais,1,0,1,0,0,2016
OK05,Steven Russell,1,0,1,0,0,2016
NC11,Mark R Meadows,1,0,1,0,0,2016
MA08,Stephen F Lynch,1,0,1,0,0,2016
CA04,Tom McClintock,1,0,1,0,0,2016
PA07,Patrick Meehan,1,0,1,0,0,2016
VA03,Bobby Scott,1,0,1,0,0,2016
SC02,Joe Wilson,1,0,1,0,0,2016
CA26,Julia Brownley,1,0,1,0,0,2016
RI01,David Cicilline,1,0,1,0,0,2016
SC07,Tom Rice,1,0,1,0,0,2016
CO04,Kenneth R Buck,1,0,1,0,0,2016
NC04,David Price,1,0,1,0,0,2016
MS04,Steven Palazzo,1,0,1,0,0,2016
NJ01,Don Norcross,1,0,1,0,0,2016
WA05,Cathy McMorris Rodgers,1,0,1,0,0,2016
TN03,Chuck Fleischmann,1,0,1,0,0,2016
CA42,Ken Calvert,1,0,1,0,0,2016
NC10,Patrick McHenry,1,0,1,0,0,2016
AZ09,Kyrsten Sinema,1,0,1,0,0,2016
VA09,Morgan Griffith,1,0,1,0,0,2016
AL06,Gary Palmer,1,0,1,0,0,2016
CA47,Alan Lowenthal,1,0,1,0,0,2016
NY18,Sean Patrick Maloney,1,0,1,0,0,2016
IN05,Susan Brooks,1,0,1,0,0,2016
OH14,David P Joyce,1,0,1,0,0,2016
PA11,Lou Barletta,1,0,1,0,0,2016
CO02,Jared Polis,1,0,1,0,0,2016
SD01,Kristi Noem,1,0,1,0,0,2016
CA32,Grace Napolitano,1,0,1,0,0,2016
TN05,Jim Cooper,1,0,1,0,0,2016
KS03,Kevin Yoder,1,0,1,0,0,2016
NC06,Mark Walker,1,0,1,0,0,2016
CA36,Raul Ruiz,1,0,1,0,0,2016
CT04,Jim Himes,1,0,1,0,0,2016
PA12,Keith J Rothfus,1,0,1,0,0,2016
IL09,Jan Schakowsky,1,0,1,0,0,2016
IA04,Steven A. King,1,0,1,0,0,2016
CA48,Dana Rohrabacher,1,0,1,0,0,2016
MO05,Emanuel Cleaver,1,0,1,0,0,2016
PA06,Ryan Costello,1,0,1,0,0,2016
SC01,Mark Sanford,1,0,1,0,0,2016
CA01,Doug LaMalfa,1,0,1,0,0,2016
WV03,Evan Jenkins,1,0,1,0,0,2016
FL17,Tom Rooney,1,0,1,0,0,2016
NC08,Richard Hudson,1,0,1,0,0,2016
KY06,Andy Barr,1,0,1,0,0,2016
WI06,Glenn S Grothman,1,0,1,0,0,2016
KS04,Mike Pompeo,1,0,1,0,0,2016
OH04,Jim Jordan,1,0,1,0,0,2016
MD02,Dutch Ruppersberger,1,0,1,0,0,2016
AZ02,Martha McSally,1,0,1,0,0,2016
ND01,Kevin Cramer,1,0,1,0,0,2016
OR05,Kurt Schrader,1,0,1,0,0,2016
VA07,Dave Brat,1,0,1,0,0,2016
MN01,Tim Walz,1,0,1,0,0,2016
CA21,David Valadao,1,0,1,0,0,2016
CA27,Judy Chu,1,0,1,0,0,2016
MO04,Vicky Hartzler,1,0,1,0,0,2016
NV02,Mark Amodei,1,0,1,0,0,2016
NJ07,Leonard Lance,1,0,1,0,0,2016
CA53,Susan A Davis,1,0,1,0,0,2016
WI05,F James Sensenbrenner Jr.,1,0,1,0,0,2016
CA41,Mark A Takano,1,0,1,0,0,2016
FL27,Ileana Ros-Lehtinen,1,0,1,0,0,2016
NY04,Kathleen Rice,1,0,1,0,0,2016
NY02,Pete King,1,0,1,0,0,2016
NJ04,Chris Smith,1,0,1,0,0,2016
CA16,Jim Costa,1,0,1,0,0,2016
IA02,David Loebsack,1,0,1,0,0,2016
MO02,Ann L Wagner,1,0,1,0,0,2016
IN02,Jackie Walorski,1,0,1,0,0,2016
TX35,Lloyd Doggett,1,0,1,0,0,2016
CA31,Pete Aguilar,1,0,1,0,0,2016
CA49,Darrell Issa,1,0,1,0,0,2016
WV02,Alex Mooney,1,0,1,0,0,2016
CA07,Ami Bera,1,0,1,0,0,2016
ME01,Chellie Pingree,1,0,1,0,0,2016
MN03,Erik Paulsen,1,0,1,0,0,2016
ID01,Raul Labrador,1,0,1,0,0,2016
OH01,Steve Chabot,1,0,1,0,0,2016
CA10,Jeff Denham,1,0,1,0,0,2016
FL26,Carlos Curbelo,1,0,1,0,0,2016
UT04,Mia Love,1,0,1,0,0,2016
NM02,Steve Pearce,1,0,1,0,0,2016
IL12,Mike Bost,1,0,1,0,0,2016
CA03,John Garamendi,1,0,1,0,0,2016
MI08,Mike Bishop,1,0,1,0,0,2016
IL11,Bill Foster,1,0,1,0,0,2016
MI06,Fred Upton,1,0,1,0,0,2016
MT01,Ryan K Zinke,1,0,1,0,0,2016
NY21,Elise Stefanik,1,0,1,0,0,2016
AL05,Mo Brooks,1,0,1,0,0,2016
NY23,Tom Reed,1,0,1,0,0,2016
TX23,Will Hurd,1,0,1,0,0,2016
VA10,Barbara Comstock,1,0,1,0,0,2016
CA52,Scott Peters,1,0,1,0,0,2016
MA09,Bill Keating,1,0,1,0,0,2016
MD06,John K Delaney,1,0,1,0,0,2016
SC05,Mick Mulvaney,1,0,1,0,0,2016
NY24,John Katko,1,0,1,0,0,2016
UT02,Chris Stewart,1,0,1,0,0,2016
FL03,Ted Yoho,1,0,1,0,0,2016
IA03,David Young,1,0,1,0,0,2016
MD03,John Sarbanes,1,0,1,0,0,2016
AK01,Don Young,1,0,1,0,0,2016
CO03,Scott Tipton,1,0,1,0,0,2016
MI11,Dave Trott,1,0,1,0,0,2016
CO06,Mike Coffman,1,0,1,0,0,2016
NY01,Lee Zeldin,1,0,1,0,0,2016
CA25,Steve Knight,1,0,1,0,0,2016
MI07,Tim Walberg,1,0,1,0,0,2016
ME02,Bruce Poliquin,1,0,1,0,0,2016
MN08,Rick Nolan,1,0,1,0,0,2016
IA01,Rod Blum,1,0,1,0,0,2016
CA17,Ro Khanna,1,0,0,1,0,2016
NV04,Ruben Kihuen,1,0,0,1,0,2016
NJ05,Josh Gottheimer,1,0,0,1,0,2016
NH01,Carol Shea-Porter,1,0,0,1,0,2016
FL13,Charlie Crist,1,0,0,1,0,2016
IL10,Brad Schneider,1,0,0,1,0,2016
NE02,Don Bacon,1,0,0,1,0,2016
FL07,Stephanie Murphy,1,0,0,1,0,2016
IN03,Jim Banks,1,0,0,0,1,2016
PA02,Dwight Evans,1,0,0,0,1,2016
TX19,Jodey Arrington,1,0,0,0,1,2016
TN08,David Kustoff,1,0,0,0,1,2016
MD04,Anthony Brown,1,0,0,0,1,2016
HI01,Colleen Hanabusa,1,0,0,0,1,2016
FL19,Francis Rooney,1,0,0,0,1,2016
TX15,Vicente Gonzalez,1,0,0,0,1,2016
MI10,Paul Mitchell,1,0,0,0,1,2016
KY01,James Comer,1,0,0,0,1,2016
AZ05,Andy Biggs,1,0,0,0,1,2016
NY13,Adriano Espaillat,1,0,0,0,1,2016
FL09,Darren Soto,1,0,0,0,1,2016
MD08,Jamie Raskin,1,0,0,0,1,2016
VA02,Scott W Taylor,1,0,0,0,1,2016
FL01,Matt Gaetz,1,0,0,0,1,2016
FL04,John Rutherford,1,0,0,0,1,2016
FL02,Neal Dunn,1,0,0,0,1,2016
WY01,Liz Cheney,1,0,0,0,1,2016
KS01,Roger Marshall,1,0,0,0,1,2016
IL08,Raja Krishnamoorthi,1,0,0,0,1,2016
NC13,Ted Budd,1,0,0,0,1,2016
WA07,Pramila Jayapal,1,0,0,0,1,2016
FL05,Al Lawson,1,0,0,0,1,2016
VA04,Donald McEachin,1,0,0,0,1,2016
CA46,Lou Correa,1,0,0,0,1,2016
CA20,Jimmy Panetta,1,0,0,0,1,2016
IN09,Trey Hollingsworth,1,0,0,0,1,2016
GA03,Drew Ferguson,1,0,0,0,1,2016
NY03,Tom Suozzi,1,0,0,0,1,2016
DE01,Lisa Blunt Rochester,1,0,0,0,1,2016
WI08,Mike Gallagher,1,0,0,0,1,2016
CA24,Salud Carbajal,1,0,0,0,1,2016
PA16,Lloyd Smucker,1,0,0,0,1,2016
AZ01,Tom O'Halleran,1,0,0,0,1,2016
CA44,Nanette Barragan,1,0,0,0,1,2016
LA04,Mike Johnson,1,0,0,0,1,2016
NV03,Jacky Rosen,1,0,0,0,1,2016
PA08,Brian Fitzpatrick,1,0,0,0,1,2016
MI01,John Bergman,1,0,0,0,1,2016
NY19,John Faso,1,0,0,0,1,2016
VA05,Tom Garrett,1,0,0,0,1,2016
NY22,Claudia Tenney,1,0,0,0,1,2016
FL18,Brian Mast,1,0,0,0,1,2016
MN02,Jason Lewis,1,0,0,0,1,2016
FL10,Val Demings,1,0,0,0,1,2016
LA03,Clay Higgins,1,0,0,0,1,2016
IL06,Peter Roskam,1,0,1,0,0,2014
TX05,Jeb Hensarling,1,0,1,0,0,2014
LA01,Steve Scalise,1,0,1,0,0,2014
NY14,Joseph Crowley,1,0,1,0,0,2014
MA08,Stephen F. Lynch,1,0,1,0,0,2014
TX08,Kevin Brady,1,0,1,0,0,2014
SC06,James E. Clyburn,1,0,1,0,0,2014
LA03,Charles W. Boustany Jr,1,0,1,0,0,2014
MA05,Katherine Clark,1,0,1,0,0,2014
CA05,Mike Thompson,1,0,1,0,0,2014
TX13,Mac Thornberry,1,0,1,0,0,2014
TX21,Lamar Smith,1,0,1,0,0,2014
TX11,Mike Conaway,1,0,1,0,0,2014
VA06,Bob Goodlatte,1,0,1,0,0,2014
AL07,Terri A. Sewell,1,0,1,0,0,2014
CA34,Xavier Becerra,1,0,1,0,0,2014
KY01,Ed Whitfield,1,0,1,0,0,2014
TN07,Marsha Blackburn,1,0,1,0,0,2014
IL09,Jan Schakowsky,1,0,1,0,0,2014
SC01,Mark Sanford,1,0,1,0,0,2014
NY10,Jerrold Nadler,1,0,1,0,0,2014
TX03,Sam Johnson,1,0,1,0,0,2014
TX22,Pete Olson,1,0,1,0,0,2014
OK03,Frank D. Lucas,1,0,1,0,0,2014
MA01,Richard E. Neal,1,0,1,0,0,2014
TX33,Marc Veasey,1,0,1,0,0,2014
PA18,Tim Murphy,1,0,1,0,0,2014
TX20,Joaquin Castro,1,0,1,0,0,2014
OK04,Tom Cole,1,0,1,0,0,2014
GA13,David Scott,1,0,1,0,0,2014
MS02,Bennie G. Thompson,1,0,1,0,0,2014
PA11,Lou Barletta,1,0,1,0,0,2014
TX26,Michael Burgess,1,0,1,0,0,2014
PA15,Charlie Dent,1,0,1,0,0,2014
GA03,Lynn A. Westmoreland,1,0,1,0,0,2014
NY16,Eliot L. Engel,1,0,1,0,0,2014
FL21,Ted Deutch,1,0,1,0,0,2014
TN02,John J. Duncan Jr,1,0,1,0,0,2014
SC02,Joe Wilson,1,0,1,0,0,2014
OK02,Markwayne Mullin,1,0,1,0,0,2014
CA29,Tony Cardenas,1,0,1,0,0,2014
NC09,Robert Pittenger,1,0,1,0,0,2014
MI05,Dan Kildee,1,0,1,0,0,2014
TX28,Henry Cuellar,1,0,1,0,0,2014
OH10,Michael R. Turner,1,0,1,0,0,2014
AL04,Robert B. Aderholt,1,0,1,0,0,2014
VA09,Morgan Griffith,1,0,1,0,0,2014
NY05,Gregory W. Meeks,1,0,1,0,0,2014
NY22,Richard Hanna,1,0,1,0,0,2014
PA14,Mike Doyle,1,0,1,0,0,2014
HI02,Tulsi Gabbard,1,0,1,0,0,2014
MA02,James P. McGovern,1,0,1,0,0,2014
FL27,Ileana Ros-Lehtinen,1,0,1,0,0,2014
MI13,John Conyers Jr,1,0,1,0,0,2014
TX17,Bill Flores,1,0,1,0,0,2014
LA04,John Fleming,1,0,1,0,0,2014
CA51,Juan Vargas,1,0,1,0,0,2014
GA08,Austin Scott,1,0,1,0,0,2014
MO03,Blaine Luetkemeyer,1,0,1,0,0,2014
MI10,Candice S. Miller,1,0,1,0,0,2014
MD07,Elijah E. Cummings,1,0,1,0,0,2014
OH13,Tim Ryan,1,0,1,0,0,2014
MS03,Gregg Harper,1,0,1,0,0,2014
GA05,John Lewis,1,0,1,0,0,2014
GA14,Tom Graves,1,0,1,0,0,2014
CA44,Janice Hahn,1,0,1,0,0,2014
FL12,Gus Bilirakis,1,0,1,0,0,2014
NC04,David Price,1,0,1,0,0,2014
TX29,Gene Green,1,0,1,0,0,2014
CA19,Zoe Lofgren,1,0,1,0,0,2014
MA07,Michael E. Capuano,1,0,1,0,0,2014
OH09,Marcy Kaptur,1,0,1,0,0,2014
NY08,Hakeem Jeffries,1,0,1,0,0,2014
GA04,Hank Johnson,1,0,1,0,0,2014
FL25,Mario Diaz-Balart,1,0,1,0,0,2014
SC04,Trey Gowdy,1,0,1,0,0,2014
TN06,Diane Black,1,0,1,0,0,2014
NJ08,Albio Sires,1,0,1,0,0,2014
AR03,Steve Womack,1,0,1,0,0,2014
NJ10,Donald M. Payne Jr,1,0,1,0,0,2014
TX30,Eddie Bernice Johnson,1,0,1,0,0,2014
NY09,Yvette D. Clarke,1,0,1,0,0,2014
AZ06,David Schweikert,1,0,1,0,0,2014
PA02,Chaka Fattah,1,0,1,0,0,2014
NY06,Grace Meng,1,0,1,0,0,2014
TX02,Ted Poe,1,0,1,0,0,2014
OH07,Bob Gibbs,1,0,1,0,0,2014
CA40,Lucille Roybal-Allard,1,0,1,0,0,2014
OH11,Marcia L. Fudge,1,0,1,0,0,2014
TX09,Al Green,1,0,1,0,0,2014
KY04,Thomas Massie,1,0,1,0,0,2014
VA03,Bobby Scott,1,0,1,0,0,2014
FL14,Kathy Castor,1,0,1,0,0,2014
IL07,Danny K. Davis,1,0,1,0,0,2014
TN01,Phil Roe,1,0,1,0,0,2014
TX16,Beto O'Rourke,1,0,1,0,0,2014
IL04,Luis V. Gutierrez,1,0,1,0,0,2014
MO01,William L. Clay Jr,1,0,1,0,0,2014
AZ08,Trent Franks,1,0,1,0,0,2014
NY27,Chris Collins,1,0,1,0,0,2014
OK01,James Bridenstine,1,0,1,0,0,2014
IL01,Bobby L. Rush,1,0,1,0,0,2014
NY15,Jose E. Serrano,1,0,1,0,0,2014
TN08,Steve Fincher,1,0,1,0,0,2014
WY01,Cynthia Marie Lummis,1,0,1,0,0,2014
IN03,Marlin Stutzman,1,0,1,0,0,2014
CA23,Kevin McCarthy,1,0,1,0,0,2014
NY13,Charles B. Rangel,1,0,1,0,0,2014
OH12,Patrick J. Tiberi,1,0,1,0,0,2014
CA39,Ed Royce,1,0,1,0,0,2014
TX32,Pete Sessions,1,0,1,0,0,2014
MD02,Dutch Ruppersberger,1,0,1,0,0,2014
CA13,Barbara Lee,1,0,1,0,0,2014
KS04,Mike Pompeo,1,0,1,0,0,2014
MD03,John Sarbanes,1,0,1,0,0,2014
OH03,Joyce Beatty,1,0,1,0,0,2014
CA38,Linda Sanchez,1,0,1,0,0,2014
NC08,Richard Hudson,1,0,1,0,0,2014
CT03,Rosa L. DeLauro,1,0,1,0,0,2014
KY05,Hal Rogers,1,0,1,0,0,2014
PA09,Bill Shuster,1,0,1,0,0,2014
CA30,Brad Sherman,1,0,1,0,0,2014
VT01,Peter Welch,1,0,1,0,0,2014
TX10,Michael McCaul,1,0,1,0,0,2014
IN05,Susan Brooks,1,0,1,0,0,2014
MD05,Steny H. Hoyer,1,0,1,0,0,2014
OR03,Earl Blumenauer,1,0,1,0,0,2014
NJ09,Bill Pascrell Jr,1,0,1,0,0,2014
CA02,Jared Huffman,1,0,1,0,0,2014
TX06,Joe Barton,1,0,1,0,0,2014
MS04,Steven Palazzo,1,0,1,0,0,2014
IL16,Adam Kinzinger,1,0,1,0,0,2014
GA06,Tom Price,1,0,1,0,0,2014
CA28,Adam Schiff,1,0,1,0,0,2014
WA02,Rick Larsen,1,0,1,0,0,2014
AL03,Mike D. Rogers,1,0,1,0,0,2014
IN06,Luke Messer,1,0,1,0,0,2014
CA15,Eric Swalwell,1,0,1,0,0,2014
RI01,David Cicilline,1,0,1,0,0,2014
WA07,Jim McDermott,1,0,1,0,0,2014
CA43,Maxine Waters,1,0,1,0,0,2014
OH08,John Boehner,1,0,1,0,0,2014
MD08,Chris Van Hollen,1,0,1,0,0,2014
LA02,Cedric Richmond,1,0,1,0,0,2014
CA46,Loretta Sanchez,1,0,1,0,0,2014
FL04,Ander Crenshaw,1,0,1,0,0,2014
AL02,Martha Roby,1,0,1,0,0,2014
IL15,John M. Shimkus,1,0,1,0,0,2014
IN01,Pete Visclosky,1,0,1,0,0,2014
IN07,Andre Carson,1,0,1,0,0,2014
NY02,Pete King,1,0,1,0,0,2014
NC05,Virginia Foxx,1,0,1,0,0,2014
WA09,Adam Smith,1,0,1,0,0,2014
CO01,Diana DeGette,1,0,1,0,0,2014
IL02,Robin Kelly,1,0,1,0,0,2014
IL18,Aaron Schock,1,0,1,0,0,2014
NV02,Mark Amodei,1,0,1,0,0,2014
GA02,Sanford Bishop,1,0,1,0,0,2014
RI02,Jim Langevin,1,0,1,0,0,2014
NJ04,Chris Smith,1,0,1,0,0,2014
CA37,Karen Bass,1,0,1,0,0,2014
MO04,Vicky Hartzler,1,0,1,0,0,2014
WA06,Derek Kilmer,1,0,1,0,0,2014
PA04,Scott Perry,1,0,1,0,0,2014
DE01,John Carney,1,0,1,0,0,2014
CT01,John B. Larson,1,0,1,0,0,2014
MN05,Keith Ellison,1,0,1,0,0,2014
TX18,Sheila Jackson Lee,1,0,1,0,0,2014
MS01,Alan Nunnelee,1,0,1,0,0,2014
TX25,Roger Williams,1,0,1,0,0,2014
CA08,Paul Cook,1,0,1,0,0,2014
CA20,Sam Farr,1,0,1,0,0,2014
WI08,Reid Ribble,1,0,1,0,0,2014
WI04,Gwen Moore,1,0,1,0,0,2014
CA06,Doris O. Matsui,1,0,1,0,0,2014
AL01,Bradley Byrne,1,0,1,0,0,2014
TX24,Kenny Marchant,1,0,1,0,0,2014
OH16,Jim Renacci,1,0,1,0,0,2014
OR01,Suzanne Bonamici,1,0,1,0,0,2014
CA22,Devin Nunes,1,0,1,0,0,2014
NC01,G. K. Butterfield,1,0,1,0,0,2014
CA18,Anna Eshoo,1,0,1,0,0,2014
MI09,Sander Levin,1,0,1,0,0,2014
VA04,Randy Forbes,1,0,1,0,0,2014
WI02,Mark Pocan,1,0,1,0,0,2014
CA14,Jackie Speier,1,0,1,0,0,2014
FL13,David Jolly,1,0,1,0,0,2014
MA03,Niki Tsongas,1,0,1,0,0,2014
NY07,Nydia M. Velazquez,1,0,1,0,0,2014
TX19,Randy Neugebauer,1,0,1,0,0,2014
FL20,Alcee L. Hastings,1,0,1,0,0,2014
SC03,Jeff Duncan,1,0,1,0,0,2014
IN04,Todd Rokita,1,0,1,0,0,2014
NC03,Walter B. Jones Jr,1,0,1,0,0,2014
FL10,Daniel Webster,1,0,1,0,0,2014
FL17,Tom Rooney,1,0,1,0,0,2014
OR02,Greg Walden,1,0,1,0,0,2014
GA07,Rob Woodall,1,0,1,0,0,2014
IN08,Larry Bucshon,1,0,1,0,0,2014
SC05,Mick Mulvaney,1,0,1,0,0,2014
GA09,Doug Collins,1,0,1,0,0,2014
NJ06,Frank Pallone Jr,1,0,1,0,0,2014
WI05,F. James Sensenbrenner Jr,1,0,1,0,0,2014
OH04,Jim Jordan,1,0,1,0,0,2014
MA04,Joe Kennedy III,1,0,1,0,0,2014
NC11,Mark R. Meadows,1,0,1,0,0,2014
TX01,Louis B. Gohmert Jr,1,0,1,0,0,2014
CA50,Duncan D. Hunter,1,0,1,0,0,2014
OR05,Kurt Schrader,1,0,1,0,0,2014
ID02,Mike Simpson,1,0,1,0,0,2014
MO06,Sam Graves,1,0,1,0,0,2014
MN03,Erik Paulsen,1,0,1,0,0,2014
FL19,Curt Clawson,1,0,1,0,0,2014
MI02,Bill Huizenga,1,0,1,0,0,2014
MO02,Ann L. Wagner,1,0,1,0,0,2014
CA49,Darrell Issa,1,0,1,0,0,2014
WA10,Dennis Heck,1,0,1,0,0,2014
NC13,George Holding,1,0,1,0,0,2014
NY03,Steve Israel,1,0,1,0,0,2014
IL03,Daniel Lipinski,1,0,1,0,0,2014
TX14,Randy Weber,1,0,1,0,0,2014
ME01,Chellie Pingree,1,0,1,0,0,2014
CT02,Joe Courtney,1,0,1,0,0,2014
CA09,Jerry McNerney,1,0,1,0,0,2014
PA01,Robert A. Brady,1,0,1,0,0,2014
FL24,Frederica Wilson,1,0,1,0,0,2014
NY12,Carolyn B. Maloney,1,0,1,0,0,2014
IL14,Randy Hultgren,1,0,1,0,0,2014
TN09,Steve Cohen,1,0,1,0,0,2014
TX12,Kay Granger,1,0,1,0,0,2014
OH15,Steve Stivers,1,0,1,0,0,2014
WA05,Cathy McMorris Rodgers,1,0,1,0,0,2014
NE03,Adrian Smith,1,0,1,0,0,2014
VA05,Robert Hurt,1,0,1,0,0,2014
MD04,Donna Edwards,1,0,1,0,0,2014
PA07,Patrick Meehan,1,0,1,0,0,2014
FL16,Vernon Buchanan,1,0,1,0,0,2014
FL07,John L. Mica,1,0,1,0,0,2014
NV01,Dina Titus,1,0,1,0,0,2014
TN05,Jim Cooper,1,0,1,0,0,2014
TX31,John Carter,1,0,1,0,0,2014
OH05,Robert E. Latta,1,0,1,0,0,2014
IN09,Todd Young,1,0,1,0,0,2014
AZ04,Paul Gosar,1,0,1,0,0,2014
NC10,Patrick McHenry,1,0,1,0,0,2014
MO07,Billy Long,1,0,1,0,0,2014
NY17,Nita M. Lowey,1,0,1,0,0,2014
CA42,Ken Calvert,1,0,1,0,0,2014
WI01,Paul Ryan,1,0,1,0,0,2014
AL05,Mo Brooks,1,0,1,0,0,2014
FL06,Ron DeSantis,1,0,1,0,0,2014
UT03,Jason Chaffetz,1,0,1,0,0,2014
AZ05,Matt Salmon,1,0,1,0,0,2014
SD01,Kristi Noem,1,0,1,0,0,2014
FL03,Ted Yoho,1,0,1,0,0,2014
FL08,Bill Posey,1,0,1,0,0,2014
NM03,Ben R. Lujan,1,0,1,0,0,2014
PA17,Matt Cartwright,1,0,1,0,0,2014
NY26,Brian M. Higgins,1,0,1,0,0,2014
TX07,John Culberson,1,0,1,0,0,2014
FL22,Lois J. Frankel,1,0,1,0,0,2014
CA04,Tom McClintock,1,0,1,0,0,2014
KY02,Brett Guthrie,1,0,1,0,0,2014
NE01,Jeff Fortenberry,1,0,1,0,0,2014
NJ07,Leonard Lance,1,0,1,0,0,2014
MO08,Jason Smith,1,0,1,0,0,2014
TN03,Chuck Fleischmann,1,0,1,0,0,2014
PA16,Joe Pitts,1,0,1,0,0,2014
CA47,Alan Lowenthal,1,0,1,0,0,2014
NJ11,Rodney Frelinghuysen,1,0,1,0,0,2014
VA01,Rob Wittman,1,0,1,0,0,2014
CA48,Dana Rohrabacher,1,0,1,0,0,2014
FL09,Alan Grayson,1,0,1,0,0,2014
MO05,Emanuel Cleaver,1,0,1,0,0,2014
IL08,Tammy Duckworth,1,0,1,0,0,2014
PA05,Glenn Thompson,1,0,1,0,0,2014
MN01,Timothy J. Walz,1,0,1,0,0,2014
CO07,Edwin G. Perlmutter,1,0,1,0,0,2014
CA53,Susan A. Davis,1,0,1,0,0,2014
CA41,Mark A Takano,1,0,1,0,0,2014
MN04,Betty McCollum,1,0,1,0,0,2014
NY20,Paul Tonko,1,0,1,0,0,2014
AZ03,Raul M. Grijalva,1,0,1,0,0,2014
VA11,Gerry Connolly,1,0,1,0,0,2014
FL23,Debbie Wasserman Schultz,1,0,1,0,0,2014
CA24,Lois Capps,1,0,1,0,0,2014
KS03,Kevin Yoder,1,0,1,0,0,2014
KS01,Tim Huelskamp,1,0,1,0,0,2014
OH02,Brad Wenstrup,1,0,1,0,0,2014
CA32,Grace Napolitano,1,0,1,0,0,2014
MI06,Fred Upton,1,0,1,0,0,2014
PA10,Tom Marino,1,0,1,0,0,2014
TX34,Filemon Vela,1,0,1,0,0,2014
PA12,Keith J. Rothfus,1,0,1,0,0,2014
FL11,Richard Nugent,1,0,1,0,0,2014
KY03,John A. Yarmuth,1,0,1,0,0,2014
WA03,Jaime Herrera Beutler,1,0,1,0,0,2014
CA27,Judy Chu,1,0,1,0,0,2014
MI03,Justin Amash,1,0,1,0,0,2014
FL05,Corrine Brown,1,0,1,0,0,2014
NM01,Michelle Lujan Grisham,1,0,1,0,0,2014
UT02,Chris Stewart,1,0,1,0,0,2014
WV01,David McKinley,1,0,1,0,0,2014
CO03,Scott Tipton,1,0,1,0,0,2014
WA08,Dave Reichert,1,0,1,0,0,2014
NY25,Louise M. Slaughter,1,0,1,0,0,2014
CA12,Nancy Pelosi,1,0,1,0,0,2014
CO02,Jared Polis,1,0,1,0,0,2014
KS02,Lynn Jenkins,1,0,1,0,0,2014
WI03,Ron Kind,1,0,1,0,0,2014
WI07,Sean P. Duffy,1,0,1,0,0,2014
PA03,Mike Kelly,1,0,1,0,0,2014
SC07,Tom Rice,1,0,1,0,0,2014
TX15,Ruben Hinojosa,1,0,1,0,0,2014
AK01,Don Young,1,0,1,0,0,2014
MN02,John Kline,1,0,1,0,0,2014
CA16,Jim Costa,1,0,1,0,0,2014
FL15,Dennis Ross,1,0,1,0,0,2014
FL18,Patrick E. Murphy,1,0,1,0,0,2014
WA01,Suzan DelBene,1,0,1,0,0,2014
NJ02,Frank A. LoBiondo,1,0,1,0,0,2014
CA01,Doug LaMalfa,1,0,1,0,0,2014
NH02,Ann Mclane Kuster,1,0,1,0,0,2014
TX27,Blake Farenthold,1,0,1,0,0,2014
TX35,Lloyd Doggett,1,0,1,0,0,2014
IL17,Cheri Bustos,1,0,1,0,0,2014
AZ09,Kyrsten Sinema,1,0,1,0,0,2014
CA26,Julia Brownley,1,0,1,0,0,2014
FL01,Jeff Miller,1,0,1,0,0,2014
KY06,Andy Barr,1,0,1,0,0,2014
OH14,David P Joyce,1,0,1,0,0,2014
AR01,Rick Crawford,1,0,1,0,0,2014
AZ01,Ann Kirkpatrick,1,0,1,0,0,2014
CA36,Raul Ruiz,1,0,1,0,0,2014
IL11,Bill Foster,1,0,1,0,0,2014
IL05,Mike Quigley,1,0,1,0,0,2014
IN02,Jackie Walorski,1,0,1,0,0,2014
MI01,Dan Benishek,1,0,1,0,0,2014
OH01,Steve Chabot,1,0,1,0,0,2014
OH06,Bill Johnson,1,0,1,0,0,2014
OR04,Peter DeFazio,1,0,1,0,0,2014
MD01,Andy Harris,1,0,1,0,0,2014
UT01,Rob Bishop,1,0,1,0,0,2014
ID01,Raul Labrador,1,0,1,0,0,2014
IA02,David Loebsack,1,0,1,0,0,2014
MD06,John K. Delaney,1,0,1,0,0,2014
NJ05,Scott Garrett,1,0,1,0,0,2014
IL13,Rodney Davis,1,0,1,0,0,2014
NV03,Joe Heck,1,0,1,0,0,2014
CA03,John Garamendi,1,0,1,0,0,2014
CA21,David Valadao,1,0,1,0,0,2014
CT04,Jim Himes,1,0,1,0,0,2014
CT05,Elizabeth Esty,1,0,1,0,0,2014
ND01,Kevin Cramer,1,0,1,0,0,2014
NM02,Steve Pearce,1,0,1,0,0,2014
PA08,Michael G. Fitzpatrick,1,0,1,0,0,2014
VA02,Scott Rigell,1,0,1,0,0,2014
MN07,Collin Peterson,1,0,1,0,0,2014
NC02,Renee Ellmers,1,0,1,0,0,2014
NY23,Tom Reed,1,0,1,0,0,2014
CA10,Jeff Denham,1,0,1,0,0,2014
MA09,Bill Keating,1,0,1,0,0,2014
CA52,Scott Peters,1,0,1,0,0,2014
MI07,Tim Walberg,1,0,1,0,0,2014
NY18,Sean Patrick Maloney,1,0,1,0,0,2014
MN08,Rick Nolan,1,0,1,0,0,2014
CO06,Mike Coffman,1,0,1,0,0,2014
IA04,Steven A. King,1,0,1,0,0,2014
CA07,Ami Bera,1,0,1,0,0,2014
NY11,Michael Grimm,1,0,1,0,0,2014
CA17,Mike Honda,1,0,1,0,0,2014
TN04,Scott Desjarlais,1,0,1,0,0,2014
CO05,Douglas L. Lamborn,1,0,1,0,0,2014
NY19,Chris Gibson,1,0,1,0,0,2014
AZ02,Martha McSally,1,0,0,1,0,2014
FL02,Gwen Graham,1,0,0,1,0,2014
IL10,Bob Dold,1,0,0,1,0,2014
GA12,Richard W. Allen,1,0,0,1,0,2014
NH01,Frank Guinta,1,0,0,1,0,2014
IL12,Mike Bost,1,0,0,1,0,2014
FL26,Carlos Curbelo,1,0,0,1,0,2014
NY01,Lee Zeldin,1,0,0,1,0,2014
WV03,Evan Jenkins,1,0,0,1,0,2014
LA05,Ralph Abraham,1,0,0,1,0,2014
TX23,Will Hurd,1,0,0,1,0,2014
NE02,Brad Ashford,1,0,0,1,0,2014
NY24,John Katko,1,0,0,1,0,2014
NV04,Cresent Hardy,1,0,0,1,0,2014
TX04,John Lee Ratcliffe,1,0,0,0,1,2014
GA11,Barry Loudermilk,1,0,0,0,1,2014
MI14,Brenda Lawrence,1,0,0,0,1,2014
AZ07,Ruben Gallego,1,0,0,0,1,2014
TX36,Brian Babin,1,0,0,0,1,2014
GA01,Buddy Carter,1,0,0,0,1,2014
MI12,Debbie Dingell,1,0,0,0,1,2014
GA10,Jody B. Hice,1,0,0,0,1,2014
NC07,David Rouzer,1,0,0,0,1,2014
VA08,Don Beyer,1,0,0,0,1,2014
NJ01,Don Norcross,1,0,0,0,1,2014
CO04,Kenneth R. Buck,1,0,0,0,1,2014
CA45,Mimi Walters,1,0,0,0,1,2014
AL06,Gary Palmer,1,0,0,0,1,2014
MN06,Tom Emmer,1,0,0,0,1,2014
MI04,John Moolenaar,1,0,0,0,1,2014
NJ12,Bonnie Coleman,1,0,0,0,1,2014
MI11,Dave Trott,1,0,0,0,1,2014
UT04,Mia Love,1,0,0,0,1,2014
CA35,Norma Torres,1,0,0,0,1,2014
CA11,Mark Desaulnier,1,0,0,0,1,2014
CA31,Pete Aguilar,1,0,0,0,1,2014
OK05,Steven Russell,1,0,0,0,1,2014
WI06,Glenn S. Grothman,1,0,0,0,1,2014
NJ03,Thomas MacArthur,1,0,0,0,1,2014
MT01,Ryan K. Zinke,1,0,0,0,1,2014
LA06,Garret Graves,1,0,0,0,1,2014
VA07,Dave Brat,1,0,0,0,1,2014
NY04,Kathleen Rice,1,0,0,0,1,2014
MI08,Mike Bishop,1,0,0,0,1,2014
NC12,Alma Adams,1,0,0,0,1,2014
PA06,Ryan Costello,1,0,0,0,1,2014
HI01,Mark Takai,1,0,0,0,1,2014
MA06,Seth Moulton,1,0,0,0,1,2014
PA13,Brendan Boyle,1,0,0,0,1,2014
WA04,Daniel Milton Newhouse,1,0,0,0,1,2014
AR02,French Hill,1,0,0,0,1,2014
CA33,Ted Lieu,1,0,0,0,1,2014
VA10,Barbara Comstock,1,0,0,0,1,2014
WV02,Alex Mooney,1,0,0,0,1,2014
IA03,David Young,1,0,0,0,1,2014
NC06,Mark Walker,1,0,0,0,1,2014
NY21,Elise Stefanik,1,0,0,0,1,2014
ME02,Bruce Poliquin,1,0,0,0,1,2014
AR04,Bruce Westerman,1,0,0,0,1,2014
IA01,Rod Blum,1,0,0,0,1,2014
CA25,Steve Knight,1,0,0,0,1,2014
